Date,Close_file1,Close_file2,Close_file3,Close_file4,Close_file5,Close_file6,Close_file7,Close_file8,Close_file9
2021-08-30,14613.0,13055.0,54705.0,6051.0,187137.0,13559.0,6.46,22568.0,17893.0
2021-08-31,14871.0,13344.0,54377.0,6189.0,189770.0,13648.0,6.91,22400.0,18500.0
2021-09-01,14590.0,13254.0,53666.0,6195.0,187985.0,13545.0,7.262,22160.0,18069.0
2021-09-02,14400.0,12841.0,54097.0,6257.0,185500.0,13012.0,7.138,22041.0,18050.0
2021-09-03,14461.0,12994.0,53556.0,6168.0,183996.0,13465.0,7.214,22118.0,18000.0
2021-09-06,14513.0,12978.0,54075.0,6105.0,185322.0,13269.0,7.214,21660.0,18119.0
2021-09-07,14382.0,12800.0,53677.0,6072.0,190021.0,12952.0,7.536,21427.0,18064.0
2021-09-08,14493.0,12507.0,53369.0,6089.0,190072.0,12384.0,7.386,21425.0,18125.0
2021-09-09,14239.0,12264.0,52227.0,5957.0,189903.0,12217.0,6.904,21865.0,17669.0
2021-09-10,14167.0,12442.0,51979.0,5907.0,187842.0,12029.0,6.788,22175.0,17518.0
2021-09-13,14416.0,12669.0,52221.0,5969.0,189552.0,12260.0,6.728,24050.0,17659.0
2021-09-14,14736.0,12587.0,52620.0,6069.0,191000.0,12726.0,6.69,23520.0,17745.0
2021-09-15,14529.0,12800.0,53460.0,6162.0,190494.0,12646.0,6.514,24656.0,17506.0
2021-09-16,13967.0,12440.0,53659.0,5982.0,188575.0,11850.0,6.456,23647.0,17045.0
2021-09-17,13847.0,12855.0,53608.0,6078.0,187101.0,11726.0,6.486,22650.0,16818.0
2021-09-20,13724.0,12411.0,53285.0,5924.0,185568.0,12213.0,6.236,22075.0,16650.0
2021-09-21,13734.0,12970.0,53931.0,5986.0,186790.0,12296.0,6.49,23090.0,16625.0
2021-09-22,14033.0,13066.0,53833.0,6091.0,188393.0,12480.0,6.6,24698.0,17034.0
2021-09-23,14017.0,13645.0,53745.0,6146.0,191317.0,11987.0,6.748,24912.0,17263.0
2021-09-24,14017.0,13645.0,53745.0,6146.0,191317.0,11987.0,6.624,24912.0,17263.0
2021-09-27,13799.0,13890.0,54787.0,6122.0,189000.0,12256.0,6.734,26282.0,16925.0
2021-09-28,14126.0,13609.0,55056.0,6296.0,188529.0,12075.0,6.612,27691.0,17021.0
2021-09-29,14442.0,14290.0,54696.0,6452.0,187600.0,11979.0,6.698,27790.0,17400.0
2021-09-30,14318.0,14136.0,53020.0,6451.0,181910.0,12328.0,6.652,28543.0,17506.0
2021-10-01,14300.0,13776.0,51300.0,6415.0,179000.0,12220.0,6.674,27591.0,17352.0
2021-10-04,14163.0,13726.0,52616.0,6304.0,175573.0,12626.0,6.594,29450.0,17250.0
2021-10-05,14225.0,14083.0,52441.0,6222.0,175246.0,12330.0,6.714,29800.0,17250.0
2021-10-06,14164.0,14298.0,51726.0,6263.0,172576.0,12378.0,6.59,29304.0,17389.0
2021-10-07,14073.0,14086.0,51620.0,6252.0,170492.0,12916.0,6.98,28383.0,17216.0
2021-10-08,13739.0,14300.0,51425.0,6097.0,167771.0,13045.0,6.866,28721.0,16821.0
2021-10-11,13841.0,14351.0,51986.0,6100.0,167100.0,13380.0,6.81,29127.0,16889.0
2021-10-12,13925.0,14350.0,51682.0,6150.0,168590.0,13630.0,6.678,27502.0,17245.0
2021-10-13,13831.0,14086.0,52210.0,6049.0,167150.0,14013.0,6.9,27500.0,17527.0
2021-10-14,13747.0,13893.0,52685.0,6000.0,169098.0,14017.0,6.878,26895.0,17413.0
2021-10-15,13650.0,13992.0,52288.0,5931.0,168081.0,13724.0,7.024,27533.0,17487.0
2021-10-18,13800.0,14000.0,52100.0,5910.0,170151.0,13714.0,6.942,27885.0,17892.0
2021-10-19,13761.0,13672.0,51997.0,5844.0,172000.0,13716.0,7.258,26800.0,17710.0
2021-10-20,13917.0,13861.0,51904.0,5850.0,170979.0,13966.0,7.384,26810.0,17822.0
2021-10-21,13610.0,13476.0,52363.0,5748.0,169408.0,13789.0,7.264,25549.0,17417.0
2021-10-22,13623.0,13632.0,52900.0,5764.0,170104.0,14844.0,7.14,26290.0,17397.0
2021-10-25,13717.0,13534.0,52270.0,5723.0,171941.0,14462.0,7.048,26240.0,17403.0
2021-10-26,13749.0,13624.0,52885.0,5800.0,173105.0,14500.0,7.034,26265.0,17241.0
2021-10-27,13780.0,13687.0,53773.0,5853.0,172675.0,14671.0,6.942,26120.0,17368.0
2021-10-28,13452.0,13547.0,54000.0,5821.0,171320.0,14706.0,6.96,25560.0,17310.0
2021-10-29,13543.0,13698.0,53390.0,5801.0,170678.0,14331.0,6.776,25661.0,17391.0
2021-11-01,13543.0,13698.0,53390.0,5801.0,170678.0,14331.0,6.826,25661.0,17391.0
2021-11-02,13840.0,13689.0,53795.0,5942.0,174000.0,14368.0,6.706,25920.0,18007.0
2021-11-03,13740.0,13831.0,53380.0,5943.0,174640.0,14182.0,7.012,26169.0,17599.0
2021-11-04,13809.0,14759.0,51740.0,5923.0,180611.0,14293.0,6.824,26559.0,17795.0
2021-11-05,13552.0,16700.0,52042.0,5929.0,182534.0,14030.0,6.698,26150.0,17151.0
2021-11-08,13500.0,16950.0,51553.0,5839.0,183500.0,14153.0,6.734,27373.0,17025.0
2021-11-09,13475.0,16906.0,51900.0,5887.0,183899.0,14291.0,6.756,27041.0,16792.0
2021-11-10,13399.0,16554.0,52948.0,5878.0,185266.0,15405.0,6.704,26281.0,16411.0
2021-11-11,13500.0,16412.0,52793.0,5835.0,184800.0,16161.0,6.626,26402.0,16602.0
2021-11-12,13235.0,16000.0,53758.0,5734.0,183128.0,16183.0,6.88,25684.0,16300.0
2021-11-15,13321.0,15964.0,53600.0,5818.0,184370.0,16215.0,6.922,26120.0,16243.0
2021-11-16,13100.0,15792.0,53992.0,5776.0,184812.0,17143.0,7.188,25965.0,16283.0
2021-11-17,13279.0,15726.0,53558.0,5905.0,184671.0,17333.0,7.05,26028.0,16423.0
2021-11-18,13264.0,15700.0,54167.0,5963.0,185075.0,17105.0,6.924,25250.0,16400.0
2021-11-19,12933.0,15588.0,53900.0,5802.0,183407.0,17186.0,6.84,24701.0,16066.0
2021-11-22,13156.0,15750.0,54079.0,5889.0,184232.0,17065.0,6.645,24867.0,16210.0
2021-11-23,13260.0,16262.0,54890.0,5865.0,182254.0,17393.0,6.404,26592.0,16364.0
2021-11-24,13040.0,16173.0,54819.0,5747.0,179255.0,17149.0,6.41,26711.0,16106.0
2021-11-25,13264.0,16200.0,55102.0,5788.0,180575.0,16900.0,6.41,26715.0,16568.0
2021-11-26,12294.0,15703.0,55047.0,5385.0,170617.0,17516.0,6.208,24768.0,15264.0
2021-11-29,12899.0,15941.0,54959.0,5525.0,176432.0,17296.0,6.104,25878.0,16206.0
2021-11-30,12964.0,16159.0,54148.0,5583.0,182300.0,18830.0,6.046,26535.0,16518.0
2021-12-01,13170.0,16873.0,54050.0,5748.0,186727.0,18503.0,6.12,27548.0,16722.0
2021-12-02,13230.0,16600.0,53778.0,5728.0,185500.0,17600.0,6.174,28007.0,16765.0
2021-12-03,13260.0,16680.0,54330.0,5718.0,185534.0,17600.0,6.068,28324.0,16724.0
2021-12-06,13500.0,16045.0,55308.0,5817.0,186000.0,17568.0,6.248,28524.0,17276.0
2021-12-07,13498.0,16150.0,56363.0,5878.0,187750.0,17165.0,6.392,29800.0,17214.0
2021-12-08,13500.0,16268.0,55840.0,5881.0,190680.0,16455.0,6.382,29107.0,17145.0
2021-12-09,13511.0,15855.0,56991.0,5876.0,190964.0,16509.0,6.18,28363.0,17200.0
2021-12-10,13342.0,15800.0,58125.0,5750.0,189860.0,16041.0,6.276,28280.0,16722.0
2021-12-13,13207.0,16050.0,57713.0,5671.0,191286.0,15927.0,6.22,27677.0,16644.0
2021-12-14,13195.0,16956.0,57515.0,5706.0,192454.0,16061.0,6.192,26015.0,16733.0
2021-12-15,13385.0,17338.0,57389.0,5850.0,197489.0,16255.0,6.182,24988.0,17021.0
2021-12-16,13385.0,17338.0,57389.0,5850.0,197489.0,16255.0,6.114,24988.0,17021.0
2021-12-17,13422.0,17227.0,57735.0,5963.0,199940.0,17048.0,5.99,25370.0,17097.0
2021-12-20,13066.0,17044.0,57820.0,5826.0,197454.0,16375.0,5.956,24328.0,16856.0
2021-12-21,13229.0,17049.0,59072.0,5918.0,196716.0,16790.0,6.008,25204.0,17075.0
2021-12-22,13432.0,17125.0,57700.0,5930.0,199000.0,16780.0,6.018,25434.0,17225.0
2021-12-23,13616.0,17169.0,57509.0,5960.0,198910.0,16520.0,6.21,25250.0,17310.0
2021-12-24,13660.0,16896.0,57622.0,5922.0,198536.0,16559.0,6.21,25278.0,17262.0
2021-12-27,13660.0,16896.0,57622.0,5922.0,198536.0,16559.0,6.31,25278.0,17262.0
2021-12-28,13759.0,17058.0,57828.0,5964.0,199050.0,17061.0,6.1458,26600.0,17325.0
2021-12-29,13843.0,17225.0,58739.0,5978.0,202120.0,16883.0,6.14,26692.0,17447.0
2021-12-30,14057.0,17520.0,59095.0,6099.0,203432.0,17427.0,6.2,26131.0,17561.0
2021-12-31,14001.0,17071.0,58591.0,6080.0,203980.0,17414.0,6.2,25900.0,17502.0
2022-01-03,14372.0,17204.0,59140.0,6142.0,203508.0,17120.0,6.386,26574.0,17843.0
2022-01-04,14518.0,16980.0,60300.0,6155.0,206000.0,17111.0,6.34,26410.0,18033.0
2022-01-05,14527.0,17491.0,59821.0,6262.0,208858.0,17068.0,6.115,26382.0,18595.0
2022-01-06,14495.0,17175.0,60300.0,6275.0,212826.0,15816.0,6.09,26361.0,18469.0
2022-01-07,14639.0,16710.0,59440.0,6293.0,213082.0,15753.0,6.074,26151.0,18500.0
2022-01-10,14700.0,16697.0,61400.0,6343.0,214900.0,16041.0,6.099,27067.0,18876.0
2022-01-11,14500.0,16306.0,61800.0,6375.0,215871.0,16399.0,6.379,26700.0,18490.0
2022-01-12,14702.0,16326.0,61800.0,6426.0,216176.0,16741.0,6.93,28540.0,18634.0
2022-01-13,14810.0,16335.0,62565.0,6478.0,217300.0,16735.0,6.73,28783.0,18841.0
2022-01-14,14768.0,16420.0,63600.0,6450.0,217370.0,16398.0,6.7902,28739.0,18715.0
2022-01-17,14615.0,16342.0,66248.0,6455.0,213100.0,15883.0,6.7902,29025.0,18575.0
2022-01-18,14508.0,16350.0,65927.0,6442.0,210300.0,15690.0,6.512,30956.0,18247.0
2022-01-19,14391.0,16378.0,65170.0,6477.0,201900.0,15700.0,6.53,31581.0,18300.0
2022-01-20,14426.0,16571.0,63970.0,6408.0,199220.0,17000.0,6.864,31321.0,18246.0
2022-01-21,14400.0,16557.0,65000.0,6346.0,201164.0,16953.0,6.73,31134.0,18201.0
2022-01-24,14084.0,15866.0,66374.0,6172.0,198042.0,16486.0,6.604,29320.0,17755.0
2022-01-25,14258.0,16035.0,65110.0,6121.0,200003.0,16966.0,6.35,30400.0,18042.0
2022-01-26,14380.0,17132.0,65242.0,6174.0,200000.0,17120.0,6.258,32600.0,18398.0
2022-01-27,14621.0,16789.0,65700.0,6189.0,199000.0,15800.0,6.052,33800.0,18700.0
2022-01-28,14931.0,17434.0,66200.0,6259.0,199153.0,15490.0,6.132,34290.0,18968.0
2022-01-31,14941.0,19212.0,66000.0,6171.0,201812.0,16139.0,6.492,34492.0,19052.0
2022-02-01,15000.0,19180.0,65511.0,6203.0,206500.0,16351.0,6.626,35266.0,19295.0
2022-02-02,15182.0,18515.0,65914.0,6218.0,205281.0,16334.0,6.484,35051.0,19306.0
2022-02-03,15552.0,18731.0,66240.0,6288.0,206578.0,15967.0,6.39,34047.0,19551.0
2022-02-04,15375.0,18700.0,67625.0,6223.0,206098.0,16132.0,6.478,35028.0,19527.0
2022-02-07,15406.0,18705.0,66460.0,6256.0,206000.0,16300.0,6.37,34343.0,19735.0
2022-02-08,15529.0,18813.0,67700.0,6432.0,209364.0,16886.0,6.4,34210.0,20159.0
2022-02-09,15390.0,18659.0,67819.0,6425.0,212386.0,17118.0,6.57,33160.0,20126.0
2022-02-10,15531.0,18785.0,67624.0,6400.0,210025.0,17112.0,6.372,33089.0,20526.0
2022-02-11,15326.0,18692.0,68700.0,6507.0,212756.0,16622.0,6.24,32605.0,20643.0
2022-02-14,15458.0,18744.0,70080.0,6378.0,211337.0,18444.0,6.118,33931.0,20660.0
2022-02-15,16182.0,18568.0,70606.0,6655.0,209000.0,17806.0,6.139,32389.0,21380.0
2022-02-16,16489.0,18642.0,69762.0,6754.0,208716.0,18013.0,6.128,33881.0,21740.0
2022-02-17,16250.0,18322.0,69714.0,6661.0,207697.0,18100.0,5.998,33159.0,21620.0
2022-02-18,16125.0,18272.0,70264.0,6641.0,207823.0,19158.0,5.892,32926.0,21475.0
2022-02-21,15996.0,18274.0,69368.0,6590.0,209500.0,19283.0,5.892,31808.0,21432.0
2022-02-22,15865.0,17962.0,68999.0,6515.0,209049.0,19595.0,5.42,33604.0,21030.0
2022-02-23,15951.0,18533.0,69618.0,6596.0,209929.0,19445.0,5.28,32870.0,21356.0
2022-02-24,15798.0,18254.0,67665.0,6457.0,204455.0,20983.0,5.064,34280.0,21202.0
2022-02-25,15990.0,19056.0,68107.0,6656.0,207664.0,19709.0,5.032,33675.0,21513.0
2022-02-28,16264.0,19160.0,67324.0,6612.0,207435.0,21483.0,5.048,35059.0,21859.0
2022-03-01,16733.0,19768.0,67277.0,6806.0,209624.0,22320.0,5.042,36912.0,22185.0
2022-03-02,16743.0,20808.0,67076.0,6750.0,209815.0,21800.0,4.946,39693.0,22408.0
2022-03-03,16989.0,20550.0,64470.0,7039.0,211200.0,21646.0,4.762,37643.0,22631.0
2022-03-04,16244.0,19437.0,63108.0,6803.0,206355.0,23273.0,4.264,36916.0,21743.0
2022-03-07,15339.0,18205.0,60500.0,6472.0,200876.0,24069.0,4.19,36500.0,20596.0
2022-03-08,15347.0,18657.0,59700.0,6330.0,199619.0,25276.0,4.438,36210.0,20822.0
2022-03-09,15688.0,19208.0,60849.0,6494.0,201718.0,23381.0,4.866,34532.0,21589.0
2022-03-10,15928.0,20011.0,61694.0,6749.0,204000.0,25441.0,4.672,35300.0,21664.0
2022-03-11,16033.0,20280.0,61524.0,7018.0,207220.0,24835.0,4.558,35391.0,22219.0
2022-03-14,16100.0,20138.0,59498.0,7193.0,210984.0,23700.0,4.04,33650.0,22386.0
2022-03-15,16195.0,19713.0,60913.0,7101.0,208931.0,23743.0,3.9085,32981.0,21917.0
2022-03-16,17126.0,20000.0,60783.0,7373.0,221581.0,23604.0,5.042,33520.0,23000.0
2022-03-17,17300.0,20035.0,60760.0,7171.0,222534.0,23947.0,4.772,34902.0,22953.0
2022-03-18,17285.0,19482.0,63000.0,7176.0,221177.0,23682.0,5.022,35478.0,22769.0
2022-03-21,17285.0,19482.0,63000.0,7176.0,221177.0,23682.0,4.772,35478.0,22769.0
2022-03-22,17678.0,19657.0,63197.0,7377.0,220139.0,22918.0,5.004,35678.0,23373.0
2022-03-23,17580.0,19146.0,61468.0,7374.0,223000.0,23777.0,4.6,36399.0,23299.0
2022-03-24,17599.0,19585.0,62489.0,7346.0,220800.0,24000.0,4.538,37587.0,23176.0
2022-03-25,17869.0,19613.0,63321.0,7400.0,221803.0,22776.0,4.402,36620.0,23518.0
2022-03-28,18062.0,19679.0,63525.0,7660.0,225487.0,22734.0,4.447,36993.0,23744.0
2022-03-29,18500.0,19296.0,61823.0,7775.0,232384.0,22012.0,4.648,34586.0,23988.0
2022-03-30,18300.0,19179.0,61389.0,7600.0,232784.0,22606.0,4.682,36251.0,23587.0
2022-03-31,18214.0,19000.0,61671.0,7747.0,234155.0,22805.0,4.514,35500.0,23307.0
2022-04-01,18319.0,19331.0,61856.0,7706.0,233403.0,22984.0,4.675,35981.0,23700.0
2022-04-04,18201.0,18818.0,61774.0,7670.0,237348.0,22200.0,4.918,35631.0,23261.0
2022-04-05,17884.0,17358.0,61656.0,7446.0,235498.0,21841.0,4.802,36000.0,22873.0
2022-04-06,17635.0,18136.0,63000.0,7532.0,236005.0,21755.0,4.536,36000.0,23041.0
2022-04-07,17427.0,18229.0,62569.0,7305.0,235735.0,21754.0,4.422,35979.0,22634.0
2022-04-08,17350.0,17867.0,62552.0,7263.0,233656.0,22270.0,4.356,37138.0,22311.0
2022-04-11,17352.0,18185.0,62529.0,7280.0,230500.0,22200.0,4.414,36272.0,22300.0
2022-04-12,17195.0,18088.0,61745.0,7154.0,226998.0,22400.0,4.32,36558.0,22106.0
2022-04-13,16652.0,17594.0,62083.0,7049.0,216701.0,22344.0,4.328,37000.0,21915.0
2022-04-14,16659.0,17510.0,62623.0,6988.0,215000.0,22285.0,4.156,36870.0,22018.0
2022-04-15,16659.0,17510.0,62623.0,6988.0,215000.0,22285.0,4.156,36870.0,22018.0
2022-04-18,16659.0,17510.0,62623.0,6988.0,215000.0,22285.0,4.17,36870.0,22018.0
2022-04-19,16850.0,17385.0,63820.0,6999.0,210163.0,22297.0,4.126,37056.0,22531.0
2022-04-20,16559.0,17239.0,65100.0,6798.0,206923.0,22077.0,3.938,37115.0,22184.0
2022-04-21,17036.0,17239.0,66987.0,6953.0,214456.0,22046.0,3.814,38526.0,22128.0
2022-04-22,17094.0,17300.0,67165.0,6957.0,214364.0,21419.0,3.8,38156.0,22274.0
2022-04-25,16860.0,16533.0,65601.0,6785.0,220874.0,20605.0,3.882,35823.0,21713.0
2022-04-26,16802.0,17197.0,66077.0,6830.0,223915.0,21000.0,3.77,36675.0,21722.0
2022-04-27,16802.0,17197.0,66077.0,6830.0,223915.0,21000.0,3.81,36675.0,21722.0
2022-04-28,16968.0,17510.0,66413.0,6922.0,227602.0,21344.0,3.774,38401.0,22156.0
2022-04-29,16800.0,16869.0,66395.0,6849.0,222316.0,21765.0,4.02,39278.0,22169.0
2022-05-02,16800.0,16869.0,66395.0,6849.0,222316.0,21765.0,3.964,39278.0,22169.0
2022-05-03,16515.0,16801.0,65825.0,6747.0,213377.0,21336.0,4.052,38589.0,21908.0
2022-05-04,16478.0,16832.0,66139.0,6900.0,210550.0,21107.0,4.036,39173.0,21533.0
2022-05-05,16261.0,17263.0,66091.0,6885.0,208500.0,20395.0,3.652,39087.0,21392.0
2022-05-06,15715.0,16715.0,64931.0,6603.0,205294.0,19953.0,3.676,38099.0,20564.0
2022-05-09,15777.0,16364.0,66260.0,6494.0,198257.0,19300.0,3.496,36916.0,20461.0
2022-05-10,16107.0,16770.0,66240.0,6560.0,200483.0,18600.0,3.594,36415.0,20997.0
2022-05-11,16198.0,16975.0,66799.0,6548.0,202710.0,18776.0,3.754,38064.0,20766.0
2022-05-12,16254.0,16890.0,66000.0,6681.0,208741.0,17703.0,3.91,37385.0,20787.0
2022-05-13,16168.0,17076.0,67666.0,6706.0,212000.0,18489.0,3.982,39550.0,20797.0
2022-05-16,16388.0,17239.0,68557.0,6804.0,214000.0,18522.0,3.878,39732.0,21274.0
2022-05-17,16325.0,16755.0,69520.0,6781.0,215901.0,17875.0,4.219,39586.0,21034.0
2022-05-18,16609.0,16939.0,69354.0,6886.0,218122.0,17759.0,3.88,39434.0,21205.0
2022-05-19,16118.0,16443.0,67824.0,6721.0,217470.0,17986.0,4.012,38604.0,20814.0
2022-05-20,16092.0,16536.0,68200.0,6699.0,215000.0,17642.0,4.068,39350.0,20988.0
2022-05-23,16246.0,16800.0,68542.0,6810.0,212600.0,18284.0,4.004,39055.0,21294.0
2022-05-24,16180.0,16304.0,68404.0,6738.0,210000.0,18353.0,3.766,39102.0,21092.0
2022-05-25,15782.0,15700.0,70650.0,6552.0,203500.0,17900.0,3.874,38459.0,20729.0
2022-05-26,16255.0,16240.0,70860.0,6722.0,210090.0,18340.0,4.048,40500.0,21304.0
2022-05-27,16820.0,16376.0,69837.0,6875.0,214631.0,18522.0,4.06,40394.0,22028.0
2022-05-30,17687.0,16637.0,67590.0,7134.0,222132.0,19080.0,4.06,41750.0,23220.0
2022-05-31,17872.0,16880.0,68984.0,7241.0,225322.0,15305.0,4.332,41511.0,23740.0
2022-06-01,17300.0,16200.0,68855.0,7071.0,220379.0,15000.0,4.286,40583.0,23074.0
2022-06-02,16892.0,16050.0,67943.0,6904.0,214730.0,15605.0,4.328,42363.0,22849.0
2022-06-03,17043.0,16100.0,68515.0,7230.0,213554.0,15242.0,4.246,41705.0,22919.0
2022-06-06,16625.0,15838.0,68458.0,7040.0,214065.0,14480.0,4.39,43042.0,22558.0
2022-06-07,16245.0,15309.0,68833.0,6927.0,206740.0,14740.0,4.372,42781.0,22100.0
2022-06-08,16124.0,14743.0,68460.0,6822.0,206500.0,14700.0,4.826,42565.0,22000.0
2022-06-09,15825.0,14625.0,67350.0,6692.0,207470.0,14293.0,4.66,41986.0,21831.0
2022-06-10,15558.0,14654.0,68197.0,6563.0,206126.0,15650.0,4.464,41167.0,21576.0
2022-06-13,15552.0,14325.0,67878.0,6520.0,204521.0,15148.0,4.298,40220.0,21300.0
2022-06-14,15929.0,14005.0,67788.0,6486.0,205090.0,15023.0,4.362,40332.0,21322.0
2022-06-15,16217.0,14282.0,69768.0,6657.0,210000.0,15187.0,4.588,40799.0,21740.0
2022-06-16,16217.0,14282.0,69768.0,6657.0,210000.0,15187.0,4.348,40799.0,21740.0
2022-06-17,15801.0,14007.0,67079.0,6423.0,207500.0,15679.0,4.492,37370.0,21145.0
2022-06-20,16287.0,14202.0,68715.0,6641.0,213306.0,16175.0,4.492,38877.0,21856.0
2022-06-21,16335.0,14257.0,68209.0,6654.0,211350.0,15871.0,4.648,39762.0,22454.0
2022-06-22,16283.0,13902.0,67789.0,6637.0,208584.0,15507.0,4.568,36729.0,22221.0
2022-06-23,16199.0,13884.0,67656.0,6730.0,208726.0,15138.0,4.606,36612.0,22098.0
2022-06-24,16511.0,14182.0,68407.0,6883.0,210239.0,15002.0,4.86,36835.0,22398.0
2022-06-27,16311.0,14165.0,69582.0,6721.0,207993.0,15622.0,5.834,36967.0,21930.0
2022-06-28,16340.0,13966.0,70918.0,6601.0,205800.0,15452.0,5.656,37028.0,21778.0
2022-06-29,16142.0,13505.0,71400.0,6488.0,202864.0,15361.0,5.798,38134.0,21200.0
2022-06-30,15517.0,13204.0,70036.0,6237.0,198213.0,15300.0,5.832,37168.0,20726.0
2022-07-01,15264.0,13675.0,69533.0,6237.0,197000.0,15107.0,6.166,34935.0,20450.0
2022-07-04,15631.0,13902.0,70375.0,6325.0,201081.0,15463.0,6.166,37300.0,21000.0
2022-07-05,14916.0,13408.0,67818.0,6129.0,195531.0,14606.0,6.41,34684.0,20350.0
2022-07-06,14897.0,13809.0,69073.0,6162.0,196042.0,14953.0,6.28,34053.0,20363.0
2022-07-07,15344.0,14080.0,68021.0,6340.0,200791.0,15396.0,6.784,37668.0,20844.0
2022-07-08,15416.0,14449.0,68578.0,6393.0,199108.0,15855.0,6.286,37527.0,20737.0
2022-07-11,15171.0,14081.0,68684.0,6275.0,197100.0,15725.0,6.032,36780.0,20510.0
2022-07-12,15395.0,14129.0,69373.0,6328.0,198000.0,15541.0,6.136,36500.0,20829.0
2022-07-13,14999.0,13726.0,68490.0,6263.0,195853.0,16100.0,5.906,34759.0,20385.0
2022-07-14,14723.0,13487.0,68201.0,6108.0,194119.0,14955.0,5.776,32355.0,20180.0
2022-07-15,14996.0,14187.0,70575.0,6240.0,197224.0,14863.0,5.76,33359.0,20450.0
2022-07-18,15260.0,14066.0,71345.0,6341.0,199749.0,15414.0,5.93,34527.0,20670.0
2022-07-19,15470.0,13897.0,72194.0,6380.0,202368.0,15329.0,6.188,34697.0,20920.0
2022-07-20,15365.0,13917.0,71328.0,6391.0,202299.0,15254.0,6.21,34831.0,20964.0
2022-07-21,15661.0,14168.0,70597.0,6576.0,207099.0,14879.0,6.274,34743.0,21611.0
2022-07-22,15549.0,14353.0,69443.0,6450.0,205728.0,15570.0,6.1456,34665.0,21236.0
2022-07-25,15578.0,14228.0,69840.0,6456.0,202209.0,14503.0,6.008,34860.0,21095.0
2022-07-26,15755.0,14493.0,70869.0,6530.0,202911.0,14922.0,5.972,34826.0,21238.0
2022-07-27,15800.0,14450.0,70035.0,6479.0,202703.0,14929.0,5.966,35186.0,21282.0
2022-07-28,15965.0,14050.0,68100.0,6590.0,203697.0,15417.0,5.976,34946.0,21543.0
2022-07-29,15999.0,13909.0,65400.0,6555.0,199203.0,15401.0,5.652,34965.0,21690.0
2022-08-01,15911.0,14226.0,65191.0,6551.0,199934.0,15303.0,5.728,34035.0,21624.0
2022-08-02,15616.0,14134.0,66661.0,6496.0,198183.0,15838.0,5.5704,33238.0,21423.0
2022-08-03,15947.0,14207.0,66983.0,6640.0,202044.0,15239.0,5.812,33600.0,21815.0
2022-08-04,16289.0,14000.0,65103.0,6618.0,202912.0,15500.0,5.814,33861.0,21297.0
2022-08-05,16660.0,14495.0,65970.0,6721.0,206731.0,15612.0,5.794,34267.0,21846.0
2022-08-08,16778.0,14601.0,66015.0,6727.0,206466.0,16080.0,6.054,34299.0,21746.0
2022-08-09,16778.0,14601.0,66015.0,6727.0,206466.0,16080.0,5.966,34299.0,21746.0
2022-08-10,16722.0,14583.0,65102.0,6745.0,209689.0,15793.0,5.988,34826.0,21649.0
2022-08-11,16969.0,15894.0,65720.0,6832.0,210594.0,15566.0,6.09,35555.0,21841.0
2022-08-12,17088.0,15432.0,65498.0,6869.0,212568.0,15320.0,6.084,35836.0,21785.0
2022-08-15,17208.0,15048.0,66851.0,6955.0,214904.0,15152.0,6.07,35701.0,21960.0
2022-08-16,17357.0,14828.0,68180.0,7040.0,215052.0,15408.0,6.266,36210.0,22166.0
2022-08-17,17174.0,14691.0,69670.0,7005.0,214404.0,15123.0,6.204,34000.0,22312.0
2022-08-18,17144.0,14200.0,69152.0,7038.0,214520.0,15018.0,6.0,34083.0,22382.0
2022-08-19,16454.0,13847.0,69434.0,6785.0,210500.0,14762.0,5.794,33136.0,21595.0
2022-08-22,16086.0,13742.0,70166.0,6802.0,208350.0,14804.0,5.758,33196.0,21452.0
2022-08-23,15995.0,13600.0,68774.0,6799.0,209572.0,14980.0,5.78,33826.0,21417.0
2022-08-24,15749.0,13524.0,69283.0,6770.0,209000.0,15000.0,5.724,34984.0,21312.0
2022-08-25,16090.0,13285.0,68480.0,6826.0,209006.0,14813.0,6.2,35564.0,21560.0
2022-08-26,16269.0,13245.0,68684.0,6895.0,212056.0,14956.0,6.026,34802.0,22427.0
2022-08-29,15946.0,13078.0,68311.0,6704.0,211678.0,14083.0,5.946,36424.0,21786.0
2022-08-30,15780.0,12631.0,68219.0,6583.0,212099.0,13953.0,5.724,34975.0,21589.0
2022-08-31,15323.0,12425.0,68486.0,6417.0,204355.0,13873.0,5.658,33183.0,20280.0
2022-09-01,15353.0,12618.0,68495.0,6391.0,203256.0,13461.0,5.457,32578.0,20179.0
2022-09-02,15502.0,12649.0,69080.0,6497.0,209349.0,14124.0,5.518,33747.0,20590.0
2022-09-05,15621.0,12841.0,68613.0,6578.0,212628.0,14100.0,5.518,33812.0,20813.0
2022-09-06,15497.0,13024.0,69463.0,6553.0,214196.0,13952.0,5.472,33494.0,20784.0
2022-09-07,15088.0,12999.0,69103.0,6345.0,209737.0,13919.0,5.5,31292.0,20394.0
2022-09-08,15156.0,13043.0,69930.0,6356.0,190000.0,13886.0,5.518,31530.0,20776.0
2022-09-09,15561.0,13379.0,70156.0,6520.0,190432.0,14361.0,5.75,32221.0,21200.0
2022-09-12,15673.0,13530.0,70442.0,6639.0,191333.0,14538.0,5.836,32753.0,21371.0
2022-09-13,15365.0,13379.0,70149.0,6454.0,183131.0,14181.0,5.575,31466.0,21100.0
2022-09-14,14562.0,13271.0,69327.0,6439.0,179177.0,13916.0,5.684,31672.0,21159.0
2022-09-15,14774.0,13034.0,69302.0,6502.0,177000.0,13437.0,5.538,31866.0,21329.0
2022-09-16,14383.0,12901.0,69677.0,6332.0,174417.0,13429.0,5.364,31104.0,20985.0
2022-09-19,14451.0,12857.0,69800.0,6294.0,172240.0,13521.0,5.318,31249.0,20636.0
2022-09-20,14632.0,12831.0,70516.0,6300.0,172800.0,13248.0,5.342,30950.0,20893.0
2022-09-21,14627.0,12765.0,69598.0,6353.0,170000.0,13154.0,5.288,31785.0,21004.0
2022-09-22,14621.0,12724.0,68798.0,6296.0,164906.0,13613.0,5.138,31420.0,20713.0
2022-09-23,14503.0,12530.0,66656.0,6189.0,163031.0,12858.0,4.982,29282.0,20330.0
2022-09-26,14360.0,12108.0,66603.0,6120.0,163925.0,13144.0,5.132,29362.0,20000.0
2022-09-27,14606.0,12701.0,65868.0,6229.0,170977.0,13397.0,5.034,29500.0,20350.0
2022-09-28,14549.0,12395.0,64648.0,6166.0,180000.0,14116.0,5.106,29045.0,20204.0
2022-09-29,14313.0,11941.0,64834.0,6051.0,161514.0,14522.0,4.892,28580.0,19884.0
2022-09-30,14400.0,11988.0,64870.0,6074.0,155300.0,14745.0,4.96,28574.0,19974.0
2022-10-03,14323.0,12000.0,65396.0,6089.0,155372.0,14917.0,5.109,29819.0,19851.0
2022-10-04,14546.0,12331.0,65633.0,6150.0,163800.0,15850.0,5.316,31153.0,19750.0
2022-10-05,14490.0,12143.0,65799.0,6096.0,170548.0,15537.0,5.268,30685.0,19750.0
2022-10-06,14451.0,11904.0,65418.0,6089.0,175000.0,15636.0,5.316,30797.0,19587.0
2022-10-07,14467.0,11938.0,66509.0,6085.0,176800.0,15748.0,5.17,31852.0,19833.0
2022-10-10,14527.0,11938.0,66623.0,6116.0,177024.0,15182.0,4.976,31024.0,19730.0
2022-10-11,14630.0,12097.0,66041.0,6151.0,180387.0,15254.0,4.882,30700.0,19781.0
2022-10-12,14487.0,12332.0,67270.0,5728.0,182246.0,15150.0,4.81,30869.0,19699.0
2022-10-13,14713.0,12311.0,67303.0,5801.0,181987.0,14576.0,4.658,31657.0,19902.0
2022-10-14,14760.0,12188.0,67124.0,5819.0,180037.0,14049.0,4.766,30734.0,19921.0
2022-10-17,15253.0,12787.0,67716.0,6089.0,184061.0,14404.0,4.898,31646.0,20441.0
2022-10-18,15198.0,12883.0,67158.0,6093.0,182948.0,14310.0,4.954,31223.0,20318.0
2022-10-19,16393.0,12405.0,68050.0,6264.0,184565.0,13750.0,4.578,31499.0,20856.0
2022-10-20,16522.0,12355.0,67941.0,6215.0,182868.0,14130.0,4.564,28953.0,20747.0
2022-10-21,16593.0,12166.0,67569.0,6185.0,181178.0,14480.0,4.606,29129.0,20678.0
2022-10-24,16634.0,11425.0,70484.0,6224.0,180917.0,14506.0,3.764,29880.0,20785.0
2022-10-25,17160.0,12315.0,70797.0,6264.0,185395.0,14713.0,3.836,30462.0,21409.0
2022-10-26,17302.0,12487.0,71047.0,6520.0,191643.0,15014.0,4.154,31329.0,22106.0
2022-10-27,17201.0,12800.0,71049.0,6567.0,189725.0,15110.0,4.066,31744.0,22361.0
2022-10-28,17307.0,12850.0,71605.0,6581.0,190999.0,14896.0,3.898,31621.0,22201.0
2022-10-31,17165.0,12984.0,72300.0,6435.0,190057.0,14849.0,4.084,30904.0,21756.0
2022-11-01,17069.0,13072.0,72330.0,6419.0,190655.0,14690.0,4.394,28500.0,21612.0
2022-11-02,17209.0,13201.0,68785.0,6410.0,193999.0,14283.0,4.474,28700.0,21716.0
2022-11-03,17076.0,13198.0,68678.0,6365.0,190196.0,13850.0,4.382,28276.0,21500.0
2022-11-04,17551.0,13494.0,68936.0,6535.0,192785.0,15405.0,4.84,30892.0,21904.0
2022-11-07,17738.0,13478.0,68300.0,6591.0,192648.0,15395.0,4.94,30875.0,22281.0
2022-11-08,17725.0,13504.0,68452.0,6595.0,194030.0,15240.0,4.89,30715.0,22090.0
2022-11-09,17703.0,13538.0,68900.0,6678.0,191441.0,18450.0,4.632,30425.0,22183.0
2022-11-10,17986.0,13730.0,67604.0,6690.0,196722.0,18786.0,5.086,30024.0,22606.0
2022-11-11,17900.0,13525.0,64700.0,6655.0,198804.0,19119.0,5.491,30599.0,22370.0
2022-11-14,17882.0,13259.0,66735.0,6630.0,200565.0,19092.0,5.468,30318.0,22415.0
2022-11-15,17510.0,13282.0,66647.0,6450.0,197453.0,18955.0,5.702,30384.0,21689.0
2022-11-16,17679.0,12926.0,66277.0,6454.0,201005.0,18653.0,5.974,29957.0,21615.0
2022-11-17,17628.0,12991.0,67484.0,6443.0,197348.0,18293.0,6.06,30130.0,21540.0
2022-11-18,17886.0,13160.0,67883.0,6533.0,199791.0,18033.0,5.886,29718.0,22000.0
2022-11-21,17878.0,13293.0,68509.0,6524.0,199212.0,18211.0,5.678,29172.0,22291.0
2022-11-22,18098.0,13444.0,68659.0,6651.0,201807.0,18664.0,5.578,30147.0,22682.0
2022-11-23,18169.0,13527.0,68789.0,6715.0,200922.0,18630.0,5.714,30794.0,22710.0
2022-11-24,18095.0,13485.0,68762.0,6637.0,201579.0,18885.0,5.714,29500.0,22467.0
2022-11-25,18090.0,13578.0,69379.0,6709.0,200582.0,18779.0,5.686,29726.0,22723.0
2022-11-28,18166.0,13552.0,69190.0,6696.0,201194.0,18738.0,5.79,29242.0,22824.0
2022-11-29,17797.0,13595.0,68383.0,6504.0,198250.0,18459.0,5.844,29273.0,22501.0
2022-11-30,18000.0,14082.0,68891.0,6696.0,202430.0,18843.0,6.134,29918.0,22843.0
2022-12-01,16747.0,13203.0,73402.0,6079.0,183631.0,19865.0,6.062,28553.0,20845.0
2022-12-02,16948.0,13198.0,72957.0,6124.0,188581.0,19032.0,6.14,28254.0,21011.0
2022-12-05,17243.0,13279.0,72100.0,6240.0,189348.0,18880.0,6.132,28200.0,21310.0
2022-12-06,17499.0,13300.0,72523.0,6295.0,188940.0,19095.0,6.088,27800.0,21900.0
2022-12-07,17394.0,13564.0,71459.0,6245.0,189600.0,19131.0,6.218,26984.0,21622.0
2022-12-08,17196.0,13202.0,69574.0,6187.0,189123.0,19023.0,6.34,27156.0,21376.0
2022-12-09,16955.0,13070.0,70349.0,6087.0,190000.0,19256.0,6.34,27101.0,21170.0
2022-12-12,17049.0,13100.0,71260.0,6102.0,187185.0,18783.0,6.324,26923.0,20743.0
2022-12-13,16964.0,13325.0,70099.0,6127.0,188271.0,19034.0,6.572,27101.0,21012.0
2022-12-14,17128.0,13334.0,69870.0,6117.0,187788.0,18705.0,6.636,26949.0,21050.0
2022-12-15,16839.0,12379.0,70322.0,5982.0,182000.0,18135.0,6.334,26630.0,20548.0
2022-12-16,16839.0,12379.0,70322.0,5982.0,182000.0,18135.0,6.272,26630.0,20548.0
2022-12-19,17598.0,12582.0,70353.0,6264.0,188134.0,17882.0,6.44,26867.0,21331.0
2022-12-20,17355.0,12562.0,69800.0,6250.0,188208.0,18258.0,6.346,26812.0,21300.0
2022-12-21,17398.0,12651.0,69013.0,6296.0,189935.0,18369.0,6.49,27498.0,21374.0
2022-12-22,17295.0,12645.0,68813.0,6247.0,188516.0,18150.0,6.448,27066.0,21221.0
2022-12-23,17365.0,12899.0,68670.0,6344.0,189921.0,18525.0,6.394,27400.0,21482.0
2022-12-26,17365.0,12899.0,68670.0,6344.0,189921.0,18525.0,6.394,27400.0,21482.0
2022-12-27,17365.0,12899.0,68670.0,6344.0,189921.0,18525.0,6.554,27400.0,21482.0
2022-12-28,17115.0,12834.0,69225.0,6250.0,189257.0,18328.0,6.498,27447.0,21315.0
2022-12-29,16900.0,12794.0,67748.0,6180.0,186967.0,18443.0,6.716,26974.0,21277.0
2022-12-30,16779.0,12730.0,67410.0,6212.0,185857.0,17615.0,6.6,26943.0,21258.0
2023-01-02,16779.0,12730.0,67410.0,6212.0,185857.0,17615.0,6.6,26943.0,21258.0
2023-01-03,16809.0,13070.0,68000.0,6246.0,187868.0,18501.0,7.0271,27000.0,21496.0
2023-01-04,16863.0,12950.0,68050.0,6282.0,189579.0,19066.0,7.38,25861.0,21466.0
2023-01-05,16877.0,12974.0,68629.0,6276.0,186667.0,19257.0,7.11,26768.0,21371.0
2023-01-06,16676.0,12988.0,69292.0,6218.0,187292.0,20430.0,7.45,26995.0,20914.0
2023-01-09,17125.0,13000.0,67882.0,6411.0,191719.0,20530.0,7.634,27793.0,21495.0
2023-01-10,16978.0,12890.0,66402.0,6302.0,189593.0,20550.0,7.658,28003.0,21365.0
2023-01-11,16841.0,12987.0,65167.0,6289.0,190138.0,20955.0,7.842,27825.0,21189.0
2023-01-12,17264.0,13411.0,64996.0,6437.0,193088.0,20675.0,7.828,28325.0,21410.0
2023-01-13,17233.0,13567.0,64504.0,6517.0,194613.0,21587.0,8.014,28773.0,21550.0
2023-01-16,17220.0,13025.0,64933.0,6484.0,193932.0,21399.0,8.014,28935.0,21533.0
2023-01-17,16899.0,13455.0,66236.0,6439.0,190375.0,21204.0,7.865,28840.0,21304.0
2023-01-18,17000.0,13525.0,64441.0,6449.0,188500.0,21119.0,7.734,29495.0,21523.0
2023-01-19,16923.0,13523.0,66224.0,6436.0,187455.0,20946.0,7.767,29456.0,21533.0
2023-01-20,17000.0,13520.0,65894.0,6405.0,185139.0,20900.0,7.944,29464.0,21900.0
2023-01-23,17340.0,13702.0,66339.0,6498.0,188864.0,20802.0,7.968,30254.0,22481.0
2023-01-24,17345.0,13789.0,65543.0,6470.0,185200.0,20583.0,8.036,31686.0,22495.0
2023-01-25,17156.0,13879.0,64620.0,6417.0,184357.0,20780.0,7.986,31713.0,22339.0
2023-01-26,17366.0,14248.0,64627.0,6436.0,181500.0,20992.0,8.144,31867.0,22676.0
2023-01-27,17407.0,14360.0,64622.0,6507.0,181617.0,20449.0,8.18,32053.0,22800.0
2023-01-30,17546.0,14380.0,65400.0,6549.0,181336.0,20362.0,7.7,31849.0,22833.0
2023-01-31,17323.0,14687.0,66457.0,6445.0,179175.0,19731.0,7.75,31328.0,22517.0
2023-02-01,18254.0,14380.0,66405.0,6598.0,181919.0,19638.0,7.8,31558.0,23420.0
2023-02-02,18050.0,14523.0,64910.0,6553.0,182115.0,19366.0,7.806,31047.0,23748.0
2023-02-03,17950.0,14397.0,65749.0,6590.0,182854.0,19202.0,7.74,30770.0,23475.0
2023-02-06,17900.0,14545.0,66228.0,6477.0,181731.0,19050.0,7.566,30507.0,23319.0
2023-02-07,17972.0,14488.0,65279.0,6489.0,177708.0,19582.0,7.61,28395.0,23140.0
2023-02-08,17953.0,14367.0,66100.0,6465.0,177485.0,19602.0,7.612,29379.0,23163.0
2023-02-09,18094.0,14427.0,64500.0,6495.0,177935.0,19242.0,7.676,29479.0,23205.0
2023-02-10,17750.0,14283.0,66100.0,6426.0,174226.0,18876.0,7.63,29866.0,22823.0
2023-02-13,17783.0,14282.0,66940.0,6481.0,177165.0,18912.0,7.78,29763.0,22915.0
2023-02-14,17797.0,14444.0,67529.0,6554.0,178350.0,18697.0,7.682,29958.0,22988.0
2023-02-15,17545.0,14573.0,68419.0,6470.0,178932.0,18090.0,7.674,29761.0,22917.0
2023-02-16,17387.0,14493.0,68064.0,6481.0,177535.0,18232.0,7.67,30561.0,22916.0
2023-02-17,17379.0,14406.0,68168.0,6458.0,179187.0,18218.0,7.48,29570.0,23086.0
2023-02-20,17518.0,14380.0,69329.0,6493.0,179291.0,18400.0,7.48,29500.0,23106.0
2023-02-21,17725.0,14451.0,69777.0,6505.0,179492.0,18377.0,7.038,27944.0,22978.0
2023-02-22,18413.0,14334.0,69457.0,6539.0,179380.0,17530.0,7.08,26768.0,23453.0
2023-02-23,18686.0,14518.0,69862.0,6752.0,180000.0,16916.0,7.08,27100.0,23738.0
2023-02-24,18107.0,14166.0,70497.0,6511.0,175862.0,16382.0,6.812,26597.0,23008.0
2023-02-27,18200.0,14210.0,70900.0,6523.0,173750.0,16670.0,6.98,26409.0,23079.0
2023-02-28,18358.0,14481.0,70092.0,6555.0,175451.0,16679.0,7.08,27034.0,23058.0
2023-03-01,18569.0,14509.0,68689.0,6683.0,176223.0,16792.0,7.436,27134.0,23374.0
2023-03-02,18320.0,14323.0,68454.0,6689.0,174150.0,16735.0,7.298,26944.0,22923.0
2023-03-03,18311.0,14360.0,68421.0,6690.0,173251.0,17264.0,7.232,27182.0,23232.0
2023-03-06,18736.0,14624.0,68594.0,6700.0,177099.0,17227.0,7.146,26933.0,23383.0
2023-03-07,18310.0,14447.0,69327.0,6739.0,179024.0,16953.0,6.98,26487.0,23172.0
2023-03-08,17864.0,14438.0,69240.0,6621.0,175974.0,17028.0,6.938,26171.0,22299.0
2023-03-09,17982.0,14339.0,69353.0,6804.0,175109.0,16951.0,6.694,25896.0,22730.0
2023-03-10,17568.0,14134.0,68610.0,6718.0,168873.0,17520.0,6.632,25369.0,22570.0
2023-03-13,17048.0,12624.0,67391.0,6516.0,165217.0,19571.0,6.756,24285.0,22094.0
2023-03-14,16999.0,12467.0,66118.0,6431.0,163275.0,19289.0,6.932,24138.0,21917.0
2023-03-15,16625.0,12547.0,66436.0,6247.0,158276.0,19745.0,6.67,22610.0,21362.0
2023-03-16,16830.0,12568.0,66514.0,6193.0,159459.0,19961.0,6.708,22788.0,21426.0
2023-03-17,16556.0,12607.0,65805.0,6144.0,159995.0,20927.0,6.548,23130.0,21197.0
2023-03-20,16515.0,12300.0,66600.0,6091.0,159174.0,21840.0,6.63,23100.0,20796.0
2023-03-21,16515.0,12300.0,66600.0,6091.0,159174.0,21840.0,6.73,23100.0,20796.0
2023-03-22,16779.0,12796.0,65868.0,6220.0,155236.0,22094.0,6.948,23818.0,21291.0
2023-03-23,16979.0,12755.0,63392.0,6226.0,163187.0,22460.0,7.394,23601.0,21300.0
2023-03-24,16767.0,12563.0,63839.0,6102.0,161581.0,23123.0,7.322,22862.0,20770.0
2023-03-27,17098.0,12762.0,64798.0,6180.0,165092.0,23541.0,7.0,23500.0,21322.0
2023-03-28,17504.0,12782.0,64645.0,6227.0,168924.0,24103.0,7.278,24683.0,21593.0
2023-03-29,17427.0,12958.0,64125.0,6075.0,170861.0,24020.0,7.37,24700.0,21670.0
2023-03-30,17368.0,12844.0,63055.0,6079.0,170904.0,24342.0,7.47,24565.0,21848.0
2023-03-31,17281.0,12747.0,62569.0,6038.0,168769.0,23700.0,7.332,24000.0,21685.0
2023-04-03,17487.0,12840.0,63557.0,6094.0,172671.0,24012.0,7.382,25362.0,21933.0
2023-04-04,17145.0,12702.0,63453.0,6190.0,177223.0,25099.0,7.418,25473.0,22446.0
2023-04-05,16939.0,12756.0,62900.0,6133.0,173571.0,26187.0,7.182,24657.0,22213.0
2023-04-06,17024.0,12932.0,64325.0,6212.0,175477.0,26598.0,7.172,24613.0,22135.0
2023-04-07,17024.0,12932.0,64325.0,6212.0,175477.0,26598.0,7.172,24613.0,22135.0
2023-04-10,17024.0,12932.0,64325.0,6212.0,175477.0,26598.0,7.086,24613.0,22135.0
2023-04-11,17076.0,13016.0,65071.0,6285.0,176471.0,27358.0,6.916,24950.0,22370.0
2023-04-12,17299.0,13161.0,65200.0,6455.0,180320.0,27475.0,6.606,24835.0,21574.0
2023-04-13,17218.0,13102.0,63779.0,6405.0,177812.0,28153.0,6.9936,25250.0,21463.0
2023-04-14,17218.0,13062.0,64103.0,6458.0,178000.0,27093.0,7.066,24426.0,21519.0
2023-04-17,16916.0,12758.0,64343.0,6355.0,174899.0,27604.0,7.394,24095.0,20986.0
2023-04-18,16751.0,12755.0,63846.0,6220.0,167000.0,28516.0,7.43,23929.0,20607.0
2023-04-19,16841.0,12876.0,66220.0,6250.0,162858.0,27685.0,7.316,23825.0,20551.0
2023-04-20,16886.0,12809.0,65260.0,6277.0,163563.0,28191.0,7.252,24322.0,20700.0
2023-04-21,16910.0,12662.0,65515.0,6273.0,163500.0,27899.0,7.158,23301.0,20750.0
2023-04-24,16897.0,12800.0,66400.0,6303.0,161229.0,28400.0,6.98,23137.0,20678.0
2023-04-25,16919.0,12714.0,67551.0,6339.0,158936.0,28358.0,6.826,22910.0,20795.0
2023-04-26,17032.0,12706.0,68769.0,6374.0,162000.0,28712.0,6.99,23505.0,21013.0
2023-04-27,17032.0,12706.0,68769.0,6374.0,162000.0,28712.0,7.052,23505.0,21013.0
2023-04-28,17129.0,12832.0,67083.0,6436.0,159287.0,28405.0,7.09,23717.0,21105.0
2023-05-01,17129.0,12832.0,67083.0,6436.0,159287.0,28405.0,7.036,23717.0,21105.0
2023-05-02,16825.0,12364.0,66896.0,6418.0,158571.0,29406.0,6.89,22842.0,20800.0
2023-05-03,16800.0,12382.0,66182.0,6391.0,157471.0,30161.0,6.858,22815.0,20881.0
2023-05-04,16011.0,11825.0,64991.0,6187.0,155287.0,32313.0,6.798,22155.0,20380.0
2023-05-05,16400.0,11812.0,65557.0,6334.0,159499.0,29677.0,6.956,23221.0,20917.0
2023-05-08,16374.0,11794.0,65457.0,6348.0,159488.0,30712.0,6.884,23847.0,21012.0
2023-05-09,16515.0,11903.0,65686.0,6367.0,160000.0,31225.0,6.52,23450.0,21231.0
2023-05-10,16370.0,11500.0,65650.0,6250.0,154032.0,30795.0,6.642,23358.0,21000.0
2023-05-11,15368.0,10935.0,65394.0,6009.0,148243.0,30569.0,6.748,22722.0,20315.0
2023-05-12,15622.0,11691.0,65341.0,6160.0,149596.0,30340.0,6.508,23550.0,20914.0
2023-05-15,15630.0,11544.0,64570.0,6148.0,148140.0,30120.0,6.894,23442.0,20885.0
2023-05-16,15750.0,11494.0,64695.0,6121.0,147879.0,29999.0,6.914,22991.0,20959.0
2023-05-17,15560.0,11488.0,64323.0,6101.0,142287.0,30147.0,7.128,23265.0,20855.0
2023-05-18,15577.0,11210.0,63855.0,6092.0,140622.0,29326.0,6.88,23189.0,20873.0
2023-05-19,15615.0,11324.0,64791.0,6126.0,146288.0,29449.0,6.844,23307.0,20882.0
2023-05-22,15767.0,11319.0,64120.0,6198.0,144831.0,29775.0,6.866,23754.0,21150.0
2023-05-23,15680.0,11479.0,65122.0,6149.0,143701.0,29175.0,6.624,23754.0,21188.0
2023-05-24,15551.0,11525.0,65357.0,6088.0,145184.0,28750.0,6.512,24161.0,21011.0
2023-05-25,15360.0,11449.0,64896.0,6080.0,141163.0,28995.0,6.266,23470.0,21072.0
2023-05-26,15317.0,11447.0,64767.0,6042.0,140297.0,28930.0,6.38,23665.0,20911.0
2023-05-29,15164.0,11500.0,64754.0,6021.0,140363.0,28968.0,6.38,23532.0,20940.0
2023-05-30,14910.0,11706.0,63437.0,5947.0,137116.0,29000.0,6.194,23062.0,20555.0
2023-05-31,15154.0,12197.0,63021.0,6027.0,135000.0,30150.0,6.032,23102.0,20817.0
2023-06-01,15290.0,12091.0,63096.0,6118.0,136249.0,30864.0,6.294,23280.0,20850.0
2023-06-02,15517.0,12405.0,62715.0,6155.0,138094.0,30940.0,6.5368,24145.0,20751.0
2023-06-05,15820.0,12566.0,61770.0,6243.0,138184.0,30477.0,6.54,24457.0,21133.0
2023-06-06,16040.0,12817.0,62541.0,6301.0,139116.0,30279.0,6.58,24850.0,21158.0
2023-06-07,16329.0,13128.0,61700.0,6477.0,141543.0,30834.0,6.486,25485.0,21717.0
2023-06-08,16525.0,13447.0,61185.0,6586.0,143151.0,29777.0,6.594,25507.0,22037.0
2023-06-09,17195.0,13664.0,61063.0,6804.0,150218.0,29043.0,6.612,25865.0,22308.0
2023-06-12,16734.0,13750.0,60095.0,6652.0,145000.0,28182.0,6.694,25261.0,22100.0
2023-06-13,17000.0,14410.0,60249.0,6812.0,147373.0,28109.0,6.774,25753.0,22553.0
2023-06-14,17333.0,14340.0,59882.0,6854.0,150471.0,28034.0,6.846,25806.0,22835.0
2023-06-15,17371.0,14173.0,60358.0,6919.0,153178.0,27559.0,7.094,26102.0,22928.0
2023-06-16,17371.0,14173.0,60358.0,6919.0,153178.0,27559.0,7.09,26102.0,22928.0
2023-06-19,17378.0,14085.0,60090.0,6945.0,152149.0,27925.0,7.09,25562.0,23161.0
2023-06-20,17700.0,13756.0,60377.0,6901.0,155050.0,26664.0,6.848,25599.0,23032.0
2023-06-21,17710.0,13765.0,60876.0,6831.0,155252.0,26399.0,6.698,24629.0,22995.0
2023-06-22,17550.0,13734.0,60872.0,6767.0,152150.0,26107.0,6.65,24009.0,22749.0
2023-06-23,17328.0,13598.0,62684.0,6653.0,150596.0,26894.0,6.376,23134.0,22419.0
2023-06-26,17274.0,13688.0,61745.0,6687.0,150805.0,26624.0,6.414,23265.0,22396.0
2023-06-27,17350.0,13665.0,61382.0,6708.0,151714.0,25712.0,7.058,22716.0,22433.0
2023-06-28,17400.0,13767.0,61350.0,6750.0,152742.0,25560.0,7.24,22877.0,22304.0
2023-06-29,17376.0,13790.0,61740.0,6746.0,153000.0,25836.0,7.072,22900.0,22551.0
2023-06-30,17755.0,13815.0,62600.0,6850.0,156783.0,26164.0,7.208,23326.0,22858.0
2023-07-03,17700.0,13762.0,62995.0,6864.0,156114.0,26146.0,7.068,23405.0,22774.0
2023-07-04,17882.0,13625.0,62950.0,6920.0,156972.0,25912.0,7.068,23465.0,22897.0
2023-07-05,17836.0,13615.0,62783.0,6875.0,156999.0,25977.0,7.022,23492.0,22656.0
2023-07-06,17593.0,13258.0,62709.0,6777.0,152618.0,25263.0,6.65,22793.0,22178.0
2023-07-07,17800.0,13393.0,62544.0,6832.0,153636.0,25236.0,6.85,23622.0,22423.0
2023-07-10,17568.0,13215.0,62280.0,6747.0,153437.0,24947.0,6.85,23815.0,22177.0
2023-07-11,17551.0,13425.0,61130.0,6783.0,154500.0,25672.0,6.974,23562.0,22073.0
2023-07-12,17901.0,13655.0,60088.0,6897.0,158492.0,26890.0,7.366,23989.0,22446.0
2023-07-13,18363.0,13620.0,59500.0,6984.0,163367.0,27248.0,7.56,24175.0,22461.0
2023-07-14,18357.0,13476.0,60000.0,6986.0,165071.0,28490.0,7.528,23873.0,22311.0
2023-07-17,18487.0,13608.0,59975.0,7032.0,167400.0,27726.0,7.536,23354.0,22400.0
2023-07-18,18580.0,13520.0,59439.0,7081.0,167561.0,28547.0,7.442,23300.0,22628.0
2023-07-19,18535.0,13459.0,60490.0,7060.0,163774.0,28523.0,7.49,23671.0,22551.0
2023-07-20,18528.0,13497.0,61428.0,7045.0,164532.0,28262.0,7.286,23395.0,22638.0
2023-07-21,18510.0,13400.0,61032.0,7042.0,162805.0,28045.0,7.224,23456.0,22634.0
2023-07-24,18700.0,13475.0,60435.0,7098.0,166300.0,27327.0,7.334,23883.0,22888.0
2023-07-25,18708.0,13549.0,59792.0,7096.0,165540.0,27332.0,7.52,24380.0,22963.0
2023-07-26,18822.0,13690.0,60146.0,7158.0,171211.0,27568.0,7.48,23855.0,23140.0
2023-07-27,19212.0,14069.0,60310.0,7233.0,175740.0,27050.0,7.364,24814.0,23600.0
2023-07-28,19011.0,14030.0,60250.0,7269.0,178998.0,26980.0,7.834,24586.0,23534.0
2023-07-31,19100.0,14005.0,59984.0,7279.0,179341.0,27491.0,7.828,24848.0,23500.0
2023-08-01,19100.0,14024.0,60743.0,7292.0,175592.0,25740.0,7.722,24953.0,23335.0
2023-08-02,18380.0,12949.0,60714.0,7079.0,171511.0,24826.0,7.43,24151.0,22645.0
2023-08-03,18244.0,12779.0,61082.0,7089.0,173439.0,25016.0,7.47,24125.0,22493.0
2023-08-04,19283.0,12807.0,60434.0,7149.0,180387.0,24420.0,7.44,24490.0,22820.0
2023-08-07,19306.0,12700.0,60959.0,7185.0,178461.0,24698.0,7.322,24796.0,22827.0
2023-08-08,19411.0,12619.0,61539.0,7225.0,177434.0,25013.0,7.14,25018.0,22970.0
2023-08-09,19411.0,12619.0,61539.0,7225.0,177434.0,25013.0,7.096,25018.0,22970.0
2023-08-10,19629.0,12992.0,61610.0,7304.0,178120.0,24522.0,7.314,26482.0,23200.0
2023-08-11,19577.0,12950.0,61141.0,7254.0,178361.0,24755.0,7.066,26875.0,23031.0
2023-08-14,19343.0,13586.0,61595.0,7189.0,175824.0,24696.0,6.993,25450.0,22256.0
2023-08-15,19086.0,13408.0,61087.0,7078.0,171676.0,25104.0,6.986,24570.0,21271.0
2023-08-16,19360.0,13305.0,60391.0,7142.0,171327.0,24540.0,6.782,24650.0,21270.0
2023-08-17,19229.0,13190.0,60480.0,7097.0,169024.0,21730.0,6.948,24916.0,20856.0
2023-08-18,18782.0,12853.0,61043.0,7010.0,165216.0,22063.0,6.78,24076.0,20451.0
2023-08-21,19238.0,12980.0,61100.0,7168.0,168983.0,21857.0,6.826,24316.0,20924.0
2023-08-22,19244.0,12711.0,60536.0,7200.0,166008.0,21954.0,6.75,23644.0,20879.0
2023-08-23,19667.0,12646.0,59857.0,7316.0,167000.0,22813.0,6.816,23820.0,21588.0
2023-08-24,19700.0,12583.0,60951.0,7349.0,169489.0,23488.0,6.716,23505.0,21475.0
2023-08-25,19553.0,12499.0,60770.0,7340.0,162565.0,23069.0,6.75,23862.0,21690.0
2023-08-28,19811.0,12600.0,61135.0,7422.0,161998.0,23750.0,6.838,24690.0,21751.0
2023-08-29,19650.0,12485.0,60801.0,7406.0,160490.0,23839.0,7.002,24431.0,21550.0
2023-08-30,19813.0,12510.0,62100.0,7432.0,161597.0,24823.0,6.818,24750.0,21764.0
2023-08-31,19321.0,12032.0,62916.0,7340.0,158470.0,24287.0,6.778,24426.0,21581.0
2023-09-01,19312.0,12253.0,61820.0,7364.0,155810.0,24093.0,6.838,24511.0,21407.0
2023-09-04,19504.0,12335.0,62003.0,7364.0,160000.0,24252.0,6.838,24650.0,21569.0
2023-09-05,19375.0,12382.0,62848.0,7269.0,163298.0,23577.0,6.922,25486.0,21580.0
2023-09-06,19242.0,12177.0,62346.0,7200.0,159222.0,23512.0,6.92,25568.0,20729.0
2023-09-07,19062.0,12214.0,61824.0,7142.0,155741.0,23353.0,6.662,24824.0,20681.0
2023-09-08,19230.0,12224.0,61849.0,7190.0,171268.0,23787.0,6.665,24443.0,21101.0
2023-09-11,19297.0,12168.0,62575.0,7185.0,171900.0,23591.0,6.86,24508.0,21116.0
2023-09-12,19255.0,12200.0,63328.0,7188.0,171373.0,23949.0,6.856,24734.0,20994.0
2023-09-13,18363.0,12157.0,62989.0,7106.0,173000.0,23715.0,6.742,23130.0,20722.0
2023-09-14,18119.0,12065.0,63755.0,6880.0,170792.0,23661.0,6.784,24436.0,20697.0
2023-09-15,17689.0,12100.0,64000.0,6688.0,170986.0,23562.0,6.75,24761.0,20402.0
2023-09-18,17637.0,11852.0,63629.0,6684.0,169000.0,23227.0,6.638,24592.0,20108.0
2023-09-19,18072.0,11664.0,63932.0,6482.0,169500.0,22962.0,6.69,24550.0,20222.0
2023-09-20,18795.0,11789.0,63802.0,6675.0,172090.0,23750.0,6.65,25033.0,20924.0
2023-09-21,18604.0,11594.0,63081.0,6486.0,170067.0,22934.0,6.3,24816.0,20588.0
2023-09-22,18560.0,11310.0,62574.0,6541.0,168361.0,22966.0,6.574,24729.0,20581.0
2023-09-25,18560.0,11310.0,62574.0,6541.0,168361.0,22966.0,6.474,24729.0,20581.0
2023-09-26,18433.0,11357.0,61353.0,6497.0,167147.0,22465.0,6.278,24414.0,20546.0
2023-09-27,18300.0,11264.0,59744.0,6492.0,164563.0,21516.0,6.344,24960.0,20426.0
2023-09-28,18404.0,11273.0,59837.0,6456.0,175148.0,20567.0,6.35,26111.0,20294.0
2023-09-29,18372.0,11285.0,59350.0,6386.0,171633.0,20531.0,6.334,26102.0,20233.0
2023-10-02,18082.0,11047.0,58849.0,6271.0,169789.0,19750.0,6.307,25410.0,19766.0
2023-10-03,18264.0,10956.0,58600.0,6336.0,173083.0,20500.0,6.152,24800.0,19767.0
2023-10-04,18179.0,11106.0,58032.0,6236.0,173896.0,20414.0,6.194,24280.0,19545.0
2023-10-05,18516.0,11273.0,59874.0,6320.0,174972.0,21196.0,6.184,23988.0,19723.0
2023-10-06,18713.0,11150.0,58661.0,6303.0,177595.0,21575.0,6.412,23808.0,19804.0
2023-10-09,18355.0,10946.0,59393.0,6275.0,178000.0,22382.0,6.35,25320.0,19612.0
2023-10-10,18954.0,11000.0,59368.0,6517.0,183600.0,23659.0,6.582,25836.0,20604.0
2023-10-11,19007.0,11180.0,58829.0,6291.0,181002.0,24339.0,6.726,25703.0,20701.0
2023-10-12,18831.0,10968.0,58790.0,6120.0,178624.0,25505.0,6.54,26031.0,20487.0
2023-10-13,18730.0,10754.0,56516.0,6086.0,175674.0,26850.0,6.428,26595.0,20364.0
2023-10-16,18763.0,10850.0,57100.0,6111.0,176276.0,26468.0,6.625,26500.0,20603.0
2023-10-17,19200.0,10850.0,57100.0,6203.0,176413.0,26893.0,6.462,26584.0,20682.0
2023-10-18,19091.0,10848.0,57908.0,6048.0,173048.0,27160.0,6.276,26029.0,20296.0
2023-10-19,19059.0,10662.0,57400.0,6050.0,171368.0,26467.0,6.134,25563.0,20186.0
2023-10-20,18506.0,10490.0,56629.0,5995.0,166600.0,27260.0,6.06,25246.0,19920.0
2023-10-23,18648.0,10477.0,56643.0,6082.0,168620.0,26123.0,6.082,25426.0,20073.0
2023-10-24,18717.0,10486.0,56634.0,6060.0,169200.0,25949.0,6.24,25280.0,20058.0
2023-10-25,18456.0,10347.0,56874.0,6139.0,168500.0,25924.0,6.102,24946.0,19870.0
2023-10-26,18382.0,10000.0,56455.0,6082.0,165772.0,26041.0,6.084,24648.0,19844.0
2023-10-27,18195.0,10112.0,54894.0,5994.0,163979.0,25484.0,6.088,24633.0,19649.0
2023-10-30,18348.0,9439.0,55812.0,6119.0,165225.0,25628.0,6.2,24149.0,19738.0
2023-10-31,18289.0,9098.0,55836.0,6144.0,165489.0,24847.0,6.214,23618.0,20057.0
2023-11-01,18237.0,9298.0,56185.0,6223.0,166021.0,24089.0,6.28,23518.0,20122.0
2023-11-02,19057.0,9274.0,56227.0,6499.0,175623.0,23740.0,6.502,23352.0,20995.0
2023-11-03,19401.0,9633.0,56795.0,6585.0,185496.0,24872.0,6.92,23200.0,21253.0
2023-11-06,19397.0,9729.0,56955.0,6460.0,188000.0,25554.0,6.958,23798.0,21002.0
2023-11-07,18963.0,9550.0,57271.0,6230.0,187500.0,24178.0,6.82,22885.0,20650.0
2023-11-08,19121.0,9504.0,57700.0,6299.0,191082.0,24865.0,6.936,22775.0,20937.0
2023-11-09,19158.0,9509.0,57464.0,6308.0,189100.0,24623.0,6.824,23107.0,20748.0
2023-11-10,19272.0,9314.0,56989.0,6358.0,191691.0,23829.0,6.84,22302.0,20740.0
2023-11-13,19175.0,9115.0,58085.0,6324.0,192413.0,23330.0,6.83,23008.0,20445.0
2023-11-14,19541.0,9341.0,57449.0,6499.0,195500.0,23866.0,7.176,23487.0,21077.0
2023-11-15,19936.0,9505.0,57204.0,6713.0,199008.0,23939.0,7.554,23280.0,21790.0
2023-11-16,19479.0,9427.0,57278.0,6506.0,195320.0,23903.0,7.276,22993.0,20900.0
2023-11-17,19307.0,9370.0,57361.0,6500.0,195780.0,23997.0,7.424,22552.0,20893.0
2023-11-20,19514.0,9583.0,57734.0,6583.0,196389.0,24030.0,7.444,22470.0,20885.0
2023-11-21,19709.0,9809.0,58180.0,6633.0,198422.0,25145.0,7.14,22073.0,20857.0
2023-11-22,19512.0,9631.0,59748.0,6585.0,197235.0,25894.0,7.156,21200.0,20801.0
2023-11-23,19870.0,10052.0,60255.0,6696.0,196274.0,24846.0,7.156,21410.0,21146.0
2023-11-24,19944.0,10208.0,60682.0,6803.0,200000.0,25205.0,7.332,21676.0,21534.0
2023-11-27,19759.0,10165.0,59974.0,6722.0,197373.0,25721.0,7.31,21807.0,21394.0
2023-11-28,19900.0,10232.0,60390.0,6751.0,197497.0,27260.0,7.426,21500.0,21249.0
2023-11-29,19779.0,10100.0,59406.0,6736.0,196037.0,28276.0,7.308,21534.0,21315.0
2023-11-30,20022.0,10294.0,60135.0,6743.0,196071.0,28481.0,7.39,20950.0,21380.0
2023-12-01,20038.0,10336.0,58830.0,6798.0,195443.0,29168.0,7.32,20544.0,21149.0
2023-12-04,19899.0,10334.0,59859.0,6796.0,194316.0,27999.0,7.406,20101.0,21384.0
2023-12-05,19818.0,10300.0,59165.0,6744.0,191972.0,27652.0,7.198,19461.0,21047.0
2023-12-06,19832.0,10622.0,53200.0,6800.0,195267.0,27470.0,7.092,18700.0,21315.0
2023-12-07,19390.0,10455.0,54337.0,6640.0,194823.0,26959.0,7.22,18372.0,20663.0
2023-12-08,19352.0,10513.0,55000.0,6650.0,193281.0,26832.0,7.122,17800.0,20426.0
2023-12-11,19517.0,10756.0,54822.0,6677.0,194014.0,26861.0,7.2,17553.0,20341.0
2023-12-12,19103.0,10702.0,54320.0,6559.0,190049.0,26932.0,7.197,17123.0,19960.0
2023-12-13,19360.0,10755.0,54526.0,6672.0,189992.0,26514.0,7.39,16900.0,19961.0
2023-12-14,20082.0,11400.0,55042.0,7052.0,195878.0,30424.0,7.368,17257.0,20708.0
2023-12-15,20082.0,11400.0,55042.0,7052.0,195878.0,30424.0,7.4,17257.0,20708.0
2023-12-18,19340.0,11110.0,54650.0,6929.0,188886.0,29750.0,7.0888,17687.0,20371.0
2023-12-19,19415.0,11110.0,54340.0,6876.0,189734.0,30071.0,7.272,18000.0,20394.0
2023-12-20,19538.0,11067.0,52909.0,6987.0,191588.0,29815.0,7.13,18182.0,20610.0
2023-12-21,19792.0,11216.0,53253.0,6971.0,192544.0,29850.0,7.25,18159.0,20603.0
2023-12-22,20115.0,11336.0,53428.0,7098.0,198500.0,29870.0,6.36,18299.0,21031.0
2023-12-25,20115.0,11336.0,53428.0,7098.0,198500.0,29870.0,6.36,18299.0,21031.0
2023-12-26,20115.0,11336.0,53428.0,7098.0,198500.0,29870.0,6.532,18299.0,21031.0
2023-12-27,20691.0,11500.0,53885.0,7300.0,199796.0,30330.0,6.5,18816.0,21424.0
2023-12-28,20655.0,11379.0,54079.0,7286.0,200505.0,29270.0,6.54,18483.0,21361.0
2023-12-29,20810.0,11550.0,54151.0,7351.0,202636.0,27778.0,6.756,18529.0,21623.0
2024-01-01,20810.0,11550.0,54151.0,7351.0,202636.0,27778.0,6.756,18529.0,21623.0
2024-01-02,20701.0,11530.0,54183.0,7252.0,201069.0,26950.0,6.532,18281.0,21407.0
2024-01-03,20287.0,11400.0,55229.0,7019.0,197841.0,25468.0,6.6,18210.0,20796.0
2024-01-04,20362.0,11308.0,55938.0,7099.0,194491.0,24914.0,6.676,18400.0,20700.0
2024-01-05,20532.0,11303.0,56265.0,7109.0,196559.0,24000.0,6.588,18528.0,20941.0
2024-01-08,20623.0,11123.0,56300.0,7180.0,199517.0,23582.0,6.577,17947.0,21118.0
2024-01-09,20744.0,11198.0,56250.0,7162.0,196300.0,22860.0,6.408,18145.0,21394.0
2024-01-10,20686.0,11132.0,56377.0,7136.0,197018.0,23071.0,6.26,16839.0,21511.0
2024-01-11,20678.0,11222.0,55920.0,7132.0,198412.0,23285.0,6.418,17189.0,21814.0
2024-01-12,20851.0,11189.0,55981.0,7034.0,200788.0,24597.0,6.374,17756.0,21985.0
2024-01-15,20369.0,11100.0,55761.0,6743.0,197162.0,25196.0,6.374,17203.0,21525.0
2024-01-16,19982.0,11020.0,56201.0,6782.0,202972.0,24589.0,6.12,16800.0,21417.0
2024-01-17,19527.0,10768.0,56048.0,6656.0,201760.0,24020.0,6.006,16240.0,20973.0
2024-01-18,19719.0,10765.0,55399.0,6700.0,206173.0,23850.0,6.136,15846.0,21350.0
2024-01-19,19736.0,10570.0,55683.0,6789.0,208423.0,24059.0,6.19,16133.0,21409.0
2024-01-22,19695.0,10601.0,56653.0,6674.0,204695.0,24179.0,6.048,15794.0,21266.0
2024-01-23,19848.0,10525.0,55450.0,6776.0,208662.0,25275.0,6.35,16099.0,21397.0
2024-01-24,19838.0,10479.0,55710.0,6807.0,204692.0,26100.0,6.66,16152.0,21641.0
2024-01-25,19750.0,10114.0,55002.0,6750.0,205000.0,26186.0,6.69,16190.0,21304.0
2024-01-26,20210.0,10434.0,55906.0,6895.0,205000.0,26879.0,6.808,16200.0,21730.0
2024-01-29,19950.0,10000.0,56291.0,6697.0,200370.0,26855.0,6.778,16304.0,21600.0
2024-01-30,19890.0,9652.0,56178.0,6693.0,200000.0,27691.0,6.774,16452.0,21828.0
2024-01-31,19974.0,9554.0,55775.0,6792.0,199800.0,27779.0,6.626,16421.0,21750.0
2024-02-01,19829.0,9579.0,55256.0,6626.0,199932.0,28681.0,6.802,16288.0,21542.0
2024-02-02,20133.0,9480.0,56512.0,6643.0,198764.0,27668.0,6.884,15948.0,21668.0
2024-02-05,20036.0,9323.0,56666.0,6622.0,200604.0,27090.0,6.834,15554.0,21595.0
2024-02-06,20063.0,9498.0,56153.0,6645.0,203961.0,27155.0,7.242,15755.0,21841.0
2024-02-07,19696.0,9372.0,55741.0,6514.0,204751.0,27246.0,7.2122,15479.0,21835.0
2024-02-08,19721.0,9316.0,59257.0,6479.0,203800.0,26265.0,7.104,15250.0,21658.0
2024-02-09,19909.0,9231.0,58224.0,6467.0,202312.0,25908.0,7.196,14655.0,21931.0
2024-02-12,20033.0,9400.0,58327.0,6440.0,202000.0,25917.0,7.206,14770.0,21957.0
2024-02-13,19908.0,9252.0,57843.0,6398.0,200000.0,25192.0,6.994,14724.0,21773.0
2024-02-14,20279.0,9290.0,57501.0,6455.0,200499.0,24743.0,6.928,15142.0,21988.0
2024-02-15,20324.0,9228.0,57800.0,6325.0,199756.0,25926.0,6.956,15167.0,22310.0
2024-02-16,20801.0,9100.0,57475.0,6420.0,202546.0,25453.0,7.012,15165.0,22800.0
2024-02-19,20790.0,9043.0,56796.0,6451.0,204000.0,26187.0,7.012,14775.0,22960.0
2024-02-20,20500.0,8604.0,56859.0,6476.0,204634.0,26317.0,6.754,14365.0,22781.0
2024-02-21,20680.0,8553.0,56450.0,6493.0,208047.0,25347.0,6.894,14025.0,22700.0
2024-02-22,20760.0,8769.0,57500.0,6687.0,209800.0,24152.0,6.956,14605.0,22667.0
2024-02-23,20623.0,8534.0,58293.0,6590.0,205689.0,24300.0,6.936,14600.0,22400.0
2024-02-26,20503.0,8780.0,58400.0,6500.0,201841.0,23800.0,6.866,14305.0,22023.0
2024-02-27,20491.0,8950.0,57248.0,6511.0,201086.0,24132.0,6.826,14889.0,21836.0
2024-02-28,20384.0,8420.0,57149.0,6416.0,199961.0,23852.0,6.572,14341.0,21671.0
2024-02-29,20182.0,8350.0,57439.0,6478.0,201777.0,25180.0,6.538,14473.0,21919.0
2024-03-01,20760.0,8406.0,56600.0,6554.0,205050.0,25185.0,6.556,14638.0,22020.0
2024-03-04,20507.0,8665.0,55474.0,6435.0,204900.0,26692.0,6.418,14600.0,21651.0
2024-03-05,20010.0,8263.0,55250.0,6367.0,201644.0,28507.0,6.2,14254.0,22374.0
2024-03-06,20177.0,8618.0,55550.0,6603.0,206869.0,28564.0,6.342,14650.0,22450.0
2024-03-07,20022.0,8592.0,55150.0,6400.0,203500.0,28815.0,6.38,14765.0,22360.0
2024-03-08,19733.0,8341.0,54838.0,6424.0,210222.0,28750.0,6.29,14700.0,22697.0
2024-03-11,19885.0,8639.0,54754.0,6377.0,213500.0,29136.0,6.338,13787.0,23447.0
2024-03-12,19966.0,8400.0,56542.0,6395.0,211387.0,27720.0,6.553,14059.0,23041.0
2024-03-13,19970.0,8447.0,56992.0,6488.0,212144.0,28461.0,6.574,14178.0,23040.0
2024-03-14,18611.0,8436.0,56715.0,6500.0,211113.0,27635.0,6.558,13800.0,22650.0
2024-03-15,18630.0,8629.0,56397.0,6343.0,208831.0,27202.0,6.428,13587.0,22241.0
2024-03-18,18605.0,8482.0,57800.0,6260.0,206033.0,27074.0,6.506,13367.0,22348.0
2024-03-19,18550.0,8383.0,56801.0,6237.0,205410.0,26409.0,6.51,13688.0,22400.0
2024-03-20,18585.0,8413.0,55597.0,6246.0,205909.0,27280.0,6.72,14107.0,22827.0
2024-03-21,18585.0,8413.0,55597.0,6246.0,205909.0,27280.0,6.704,14107.0,22827.0
2024-03-22,18413.0,9036.0,57054.0,6200.0,207857.0,28733.0,6.506,14414.0,23000.0
2024-03-25,18431.0,9180.0,56858.0,6170.0,208992.0,28963.0,6.624,14390.0,23000.0
2024-03-26,18525.0,9217.0,56639.0,6060.0,211353.0,29154.0,6.818,14135.0,22971.0
2024-03-27,18494.0,9399.0,56693.0,6107.0,210600.0,29387.0,6.982,14030.0,22786.0
2024-03-28,18524.0,9374.0,57713.0,6173.0,209579.0,30390.0,7.066,14639.0,22867.0
2024-03-29,18524.0,9374.0,57713.0,6173.0,209579.0,30390.0,7.066,14639.0,22867.0
2024-04-01,18524.0,9374.0,57713.0,6173.0,209579.0,30390.0,7.04,14639.0,22867.0
2024-04-02,18459.0,9234.0,56945.0,6116.0,210000.0,30803.0,7.132,15101.0,22200.0
2024-04-03,18160.0,9253.0,56010.0,6093.0,209978.0,31065.0,7.2,15103.0,22100.0
2024-04-04,18150.0,9803.0,55471.0,6253.0,217545.0,32125.0,7.124,15694.0,22824.0
2024-04-05,18022.0,9706.0,54953.0,6179.0,219929.0,31995.0,7.14,15350.0,22939.0
2024-04-08,18100.0,9410.0,54816.0,6250.0,222029.0,32359.0,7.237,16508.0,23050.0
2024-04-09,18386.0,9186.0,54403.0,6248.0,220000.0,33004.0,7.0856,17096.0,23668.0
2024-04-10,17767.0,9242.0,54475.0,6304.0,212490.0,32750.0,7.168,16740.0,22448.0
2024-04-11,17671.0,9259.0,54367.0,6291.0,211875.0,33300.0,7.17,16485.0,22669.0
2024-04-12,17340.0,9013.0,54375.0,6060.0,204107.0,35750.0,7.002,17257.0,22238.0
2024-04-15,17513.0,8725.0,54105.0,6057.0,204345.0,34247.0,6.83,16654.0,22042.0
2024-04-16,17183.0,8435.0,53625.0,6019.0,201000.0,33474.0,6.744,15854.0,21603.0
2024-04-17,16707.0,8047.0,53893.0,5913.0,198150.0,33729.0,6.716,15771.0,21316.0
2024-04-18,16745.0,8200.0,54560.0,5968.0,201710.0,33912.0,6.766,15885.0,21563.0
2024-04-19,16755.0,8209.0,54822.0,5993.0,200000.0,34135.0,6.784,15702.0,21506.0
2024-04-22,16915.0,8299.0,55600.0,6094.0,201666.0,32360.0,7.116,15200.0,21721.0
2024-04-23,17184.0,8299.0,56200.0,6176.0,217378.0,31977.0,7.452,13551.0,21850.0
2024-04-24,17225.0,8327.0,56053.0,6196.0,215746.0,32548.0,7.638,13400.0,21733.0
2024-04-25,17250.0,8392.0,55541.0,6130.0,216217.0,32737.0,7.564,12809.0,21667.0
2024-04-26,17283.0,8635.0,54563.0,6354.0,223967.0,32810.0,7.688,13023.0,22264.0
2024-04-29,17500.0,9090.0,54874.0,6502.0,229851.0,33593.0,7.728,13331.0,22682.0
2024-04-30,17709.0,9058.0,55400.0,6516.0,232786.0,31070.0,7.628,13326.0,22875.0
2024-05-01,17709.0,9058.0,55400.0,6516.0,232786.0,31070.0,7.738,13326.0,22875.0
2024-05-02,18063.0,9260.0,55104.0,6513.0,229000.0,30639.0,8.022,12800.0,22760.0
2024-05-03,17898.0,9371.0,54821.0,6503.0,227000.0,30201.0,8.15,12975.0,22806.0
2024-05-06,18189.0,9339.0,54743.0,6473.0,225785.0,30605.0,8.11,13311.0,22850.0
2024-05-07,18291.0,9378.0,55203.0,6574.0,230517.0,29304.0,8.014,13480.0,22824.0
2024-05-08,18200.0,9416.0,55897.0,6627.0,228000.0,29572.0,7.982,13600.0,23419.0
2024-05-09,18234.0,9398.0,55628.0,6599.0,228674.0,30320.0,8.194,13182.0,23426.0
2024-05-10,18524.0,9400.0,56309.0,6710.0,229437.0,31559.0,8.174,13710.0,23290.0
2024-05-13,18829.0,9270.0,56550.0,6748.0,228944.0,30746.0,8.352,13803.0,23418.0
2024-05-14,18603.0,8482.0,57023.0,6625.0,228000.0,31008.0,8.693,13275.0,23279.0
2024-05-15,18835.0,8645.0,57208.0,6764.0,226877.0,30875.0,8.798,13283.0,24019.0
2024-05-16,19050.0,8338.0,57275.0,6870.0,228321.0,29139.0,8.958,13200.0,23937.0
2024-05-17,18939.0,8617.0,56932.0,6872.0,227000.0,29345.0,8.642,13300.0,23800.0
2024-05-20,19079.0,8500.0,57342.0,6921.0,229020.0,30562.0,8.64,13384.0,23991.0
2024-05-21,19003.0,8690.0,56610.0,6942.0,227944.0,30225.0,8.6864,13450.0,24268.0
2024-05-22,18865.0,8838.0,57091.0,6890.0,226743.0,29873.0,8.5,13343.0,24250.0
2024-05-23,18865.0,8565.0,56865.0,6816.0,226000.0,29026.0,8.462,13058.0,24000.0
2024-05-24,18863.0,8608.0,56225.0,6835.0,226561.0,29541.0,8.462,13150.0,24054.0
2024-05-27,18420.0,8458.0,55732.0,6774.0,224664.0,29741.0,8.462,12990.0,23790.0
2024-05-28,18559.0,8500.0,55799.0,6790.0,224403.0,29792.0,8.448,12543.0,23850.0
2024-05-29,18559.0,8500.0,55799.0,6790.0,224403.0,29792.0,8.23,12543.0,23850.0
2024-05-30,17618.0,8520.0,56579.0,6448.0,216462.0,29931.0,8.102,12350.0,23210.0
2024-05-31,17918.0,8206.0,57900.0,6500.0,212990.0,29268.0,7.976,12410.0,22848.0
2024-06-03,18582.0,8439.0,57550.0,6750.0,222726.0,28837.0,8.182,11600.0,23600.0
2024-06-04,18462.0,8170.0,57560.0,6601.0,219843.0,28072.0,8.166,11600.0,23014.0
2024-06-05,18021.0,8197.0,58740.0,6381.0,217000.0,28988.0,8.168,11825.0,22281.0
2024-06-06,17963.0,8214.0,58751.0,6269.0,217314.0,29741.0,8.262,12001.0,21991.0
2024-06-07,18235.0,8070.0,58766.0,6326.0,218501.0,29354.0,8.12,12155.0,22248.0
2024-06-10,18250.0,8022.0,57234.0,6334.0,215860.0,29040.0,8.232,12002.0,22313.0
2024-06-11,18323.0,7978.0,56607.0,6448.0,221338.0,28503.0,8.2088,11899.0,22590.0
2024-06-12,18474.0,8110.0,56578.0,6697.0,221973.0,29135.0,8.48,12015.0,22900.0
2024-06-13,18883.0,7812.0,55913.0,6855.0,225234.0,25857.0,8.328,11764.0,23647.0
2024-06-14,19936.0,8225.0,55571.0,7051.0,237310.0,24497.0,8.134,11596.0,24660.0
2024-06-17,19936.0,8225.0,55571.0,7051.0,237310.0,24497.0,8.27,11596.0,24660.0
2024-06-18,21244.0,8585.0,55425.0,7625.0,258921.0,25153.0,8.302,12802.0,26402.0
2024-06-19,21404.0,8800.0,55681.0,7598.0,259652.0,26198.0,8.302,13164.0,26801.0
2024-06-20,21139.0,8569.0,56134.0,7562.0,258211.0,26596.0,8.21,13441.0,26368.0
2024-06-21,21219.0,8512.0,56375.0,7677.0,259996.0,26406.0,8.03,13531.0,26597.0
2024-06-24,21200.0,8528.0,58500.0,7465.0,256900.0,27229.0,8.14,13850.0,26100.0
2024-06-25,21067.0,8453.0,58105.0,7487.0,257196.0,27048.0,7.864,13606.0,25785.0
2024-06-26,20696.0,8229.0,56350.0,7481.0,256340.0,27167.0,7.898,13539.0,25336.0
2024-06-27,20507.0,8269.0,56903.0,7339.0,253500.0,28163.0,7.696,13487.0,24843.0
2024-06-28,21081.0,8494.0,56168.0,7690.0,262900.0,27342.0,7.79,13810.0,25641.0
2024-07-01,21229.0,8543.0,56545.0,7762.0,265532.0,27165.0,7.578,13909.0,25979.0
2024-07-02,20776.0,8200.0,57206.0,7625.0,262900.0,27485.0,7.524,13843.0,25398.0
2024-07-03,21189.0,8300.0,57287.0,7692.0,266377.0,28117.0,7.644,14506.0,25856.0
2024-07-04,21275.0,8360.0,57600.0,7720.0,265500.0,28568.0,7.644,14821.0,26200.0
2024-07-05,21018.0,8334.0,57245.0,7702.0,263661.0,28979.0,7.752,14500.0,25513.0
2024-07-08,21239.0,8180.0,57047.0,7801.0,264057.0,28369.0,7.81,14284.0,25873.0
2024-07-09,21210.0,8214.0,57534.0,7772.0,263500.0,28545.0,7.806,14260.0,25582.0
2024-07-10,20892.0,8199.0,57625.0,7790.0,262703.0,28910.0,7.762,13666.0,25450.0
2024-07-11,21244.0,8199.0,57524.0,7897.0,269390.0,29237.0,7.864,13703.0,26000.0
2024-07-12,21300.0,8195.0,58402.0,7913.0,273225.0,29219.0,8.146,13666.0,26081.0
2024-07-15,21700.0,8063.0,58825.0,7991.0,278819.0,29526.0,7.956,13140.0,26183.0
2024-07-16,21300.0,7851.0,57843.0,7823.0,277274.0,30810.0,7.823,13263.0,25770.0
2024-07-17,20949.0,7564.0,59164.0,7716.0,269770.0,30920.0,7.684,13413.0,25635.0
2024-07-18,20737.0,7397.0,60060.0,7775.0,268200.0,30592.0,7.63,13533.0,25500.0
2024-07-19,20940.0,7522.0,60500.0,7850.0,270053.0,30179.0,7.5244,13643.0,25655.0
2024-07-22,21140.0,7466.0,61336.0,7870.0,271578.0,29711.0,7.738,14540.0,25742.0
2024-07-23,21393.0,7648.0,61289.0,7942.0,273380.0,30428.0,7.602,14899.0,26040.0
2024-07-24,21208.0,7675.0,60772.0,7813.0,274200.0,31070.0,7.472,14409.0,26016.0
2024-07-25,21836.0,7702.0,64059.0,8008.0,276824.0,29612.0,7.522,14320.0,26542.0
2024-07-26,21910.0,7726.0,64018.0,7996.0,277904.0,30072.0,7.544,14178.0,26896.0
2024-07-29,21853.0,7572.0,65350.0,7982.0,277480.0,29950.0,7.4572,14300.0,26665.0
2024-07-30,22050.0,7683.0,64681.0,8082.0,276644.0,30055.0,7.548,14394.0,26981.0
2024-07-31,22178.0,7911.0,63996.0,8170.0,283600.0,31920.0,7.7117,14735.0,27806.0
2024-08-01,22192.0,7736.0,64625.0,8081.0,285802.0,31294.0,7.56,14723.0,27735.0
2024-08-02,21848.0,7514.0,65226.0,7997.0,281500.0,30317.0,7.474,13398.0,27500.0
2024-08-05,21763.0,7461.0,63286.0,7872.0,276397.0,30121.0,7.382,13300.0,26721.0
2024-08-06,21777.0,7270.0,63794.0,7830.0,278502.0,30230.0,7.326,13239.0,27788.0
2024-08-07,21790.0,7520.0,64900.0,7894.0,280000.0,30170.0,7.54,13284.0,28016.0
2024-08-08,21667.0,8306.0,65453.0,7975.0,276700.0,29083.0,7.782,13023.0,27972.0
2024-08-09,21667.0,8306.0,65453.0,7975.0,276700.0,29083.0,7.802,13023.0,27972.0
2024-08-12,21615.0,8290.0,65300.0,7955.0,273565.0,27330.0,8.044,12850.0,28127.0
2024-08-13,21700.0,8333.0,65241.0,8026.0,277125.0,27516.0,8.184,12825.0,28645.0
2024-08-14,21907.0,8497.0,65014.0,8171.0,283380.0,28580.0,8.0,13048.0,28630.0
2024-08-15,23224.0,8606.0,64792.0,8268.0,282600.0,28936.0,8.118,13525.0,29101.0
2024-08-16,23416.0,8865.0,63907.0,8294.0,283486.0,29248.0,8.218,13665.0,29501.0
2024-08-19,23719.0,9028.0,64172.0,8460.0,288000.0,30100.0,8.25,13753.0,29704.0
2024-08-20,23601.0,8950.0,64442.0,8394.0,288001.0,31110.0,8.118,12863.0,29611.0
2024-08-21,23641.0,8948.0,64614.0,8445.0,289040.0,29439.0,8.266,13557.0,29926.0
2024-08-22,23275.0,9011.0,65153.0,8349.0,284900.0,28390.0,8.196,14410.0,28811.0
2024-08-23,23761.0,9593.0,64675.0,8510.0,288800.0,26164.0,8.3294,14788.0,29156.0
2024-08-26,24058.0,9634.0,64710.0,8552.0,292500.0,25178.0,8.134,14794.0,29432.0
2024-08-27,24219.0,9600.0,65370.0,8620.0,295850.0,25535.0,8.21,14510.0,29500.0
2024-08-28,24179.0,9373.0,65830.0,8630.0,291538.0,25173.0,8.028,14265.0,29604.0
2024-08-29,24255.0,9256.0,65650.0,8672.0,294921.0,25300.0,8.1,14310.0,29817.0
2024-08-30,24000.0,8886.0,66010.0,8598.0,292594.0,24794.0,8.22,13758.0,29669.0
2024-09-02,23903.0,8765.0,66750.0,8550.0,294278.0,24623.0,8.22,13416.0,29737.0
2024-09-03,23509.0,8610.0,67580.0,8447.0,289000.0,24791.0,8.058,12747.0,29325.0
2024-09-04,23845.0,8758.0,67756.0,8522.0,289647.0,24372.0,8.04,12866.0,28905.0
2024-09-05,23492.0,9103.0,67929.0,8508.0,290706.0,24400.0,8.186,12935.0,28347.0
2024-09-06,23361.0,9192.0,68441.0,8480.0,287666.0,23904.0,7.878,12684.0,28300.0
2024-09-09,23408.0,9155.0,69436.0,8536.0,295425.0,24051.0,8.0,12400.0,28287.0
2024-09-10,23726.0,9243.0,69560.0,8689.0,300595.0,24044.0,7.906,12221.0,28450.0
2024-09-11,22790.0,9200.0,69415.0,8562.0,300595.0,23500.0,7.934,11670.0,28299.0
2024-09-12,22919.0,9275.0,69100.0,8620.0,301500.0,24450.0,7.918,11970.0,28733.0
2024-09-13,23155.0,9375.0,69029.0,8360.0,299259.0,25139.0,7.8716,12390.0,28476.0
2024-09-16,23260.0,9252.0,69337.0,8272.0,298250.0,25590.0,7.884,12460.0,28824.0
2024-09-17,23875.0,9371.0,67341.0,8300.0,300600.0,25810.0,7.986,12627.0,29024.0
2024-09-18,24030.0,9436.0,66580.0,8358.0,299500.0,25680.0,7.984,12455.0,29141.0
2024-09-19,24417.0,9548.0,65284.0,8330.0,301601.0,25506.0,8.398,12721.0,29319.0
2024-09-20,24338.0,9575.0,65236.0,8475.0,305146.0,26341.0,8.278,12000.0,29577.0
2024-09-23,24841.0,9532.0,65505.0,8586.0,307823.0,27240.0,8.452,12305.0,30123.0
2024-09-24,24841.0,9532.0,65505.0,8586.0,307823.0,27240.0,8.93,12305.0,30123.0
2024-09-25,24986.0,9595.0,63814.0,8622.0,306500.0,27099.0,8.976,12293.0,30277.0
2024-09-26,25042.0,9511.0,63754.0,8535.0,310076.0,27789.0,9.74,11387.0,30804.0
2024-09-27,24645.0,9525.0,63660.0,8487.0,309519.0,27940.0,9.8,11439.0,30461.0
2024-09-30,24235.0,9183.0,62993.0,8306.0,304451.0,26883.0,9.628,11605.0,29897.0
2024-10-01,23847.0,8976.0,63420.0,8209.0,308466.0,28105.0,9.856,11694.0,29377.0
2024-10-02,23926.0,8851.0,62700.0,8214.0,312900.0,27820.0,10.152,12120.0,29620.0
2024-10-03,23622.0,8850.0,61700.0,8175.0,309060.0,27512.0,9.986,12571.0,29265.0
2024-10-04,23738.0,8584.0,61320.0,8165.0,308058.0,27385.0,9.988,12665.0,29093.0
2024-10-07,23763.0,8588.0,61113.0,8199.0,307626.0,26850.0,10.292,12535.0,29238.0
2024-10-08,23797.0,8623.0,61751.0,8192.0,307152.0,26660.0,9.616,12216.0,29479.0
2024-10-09,23652.0,8650.0,62317.0,7891.0,308700.0,26545.0,9.734,11655.0,29045.0
2024-10-10,23700.0,8702.0,61944.0,7982.0,313200.0,27136.0,9.716,12052.0,29170.0
2024-10-11,24180.0,8790.0,61000.0,8220.0,321000.0,27160.0,9.746,12000.0,29635.0
2024-10-14,24337.0,8688.0,61717.0,8238.0,322061.0,27439.0,9.606,11870.0,29671.0
2024-10-15,24296.0,8664.0,62478.0,8252.0,328464.0,27729.0,9.236,11220.0,29907.0
2024-10-16,24119.0,8834.0,63202.0,8292.0,326000.0,29006.0,9.326,11393.0,29944.0
2024-10-17,23767.0,8952.0,62918.0,8209.0,327410.0,30877.0,9.222,11338.0,29907.0
2024-10-18,23899.0,9150.0,60200.0,8274.0,326000.0,30917.0,9.498,11530.0,29834.0
2024-10-21,23960.0,9035.0,60390.0,8232.0,323659.0,32500.0,9.402,11385.0,29797.0
2024-10-22,23750.0,9015.0,60710.0,8171.0,319271.0,32770.0,9.452,10812.0,29505.0
2024-10-23,23679.0,8919.0,61700.0,8177.0,318870.0,32198.0,9.362,10392.0,29350.0
2024-10-24,23839.0,8900.0,61082.0,8300.0,322149.0,31637.0,9.362,10575.0,29852.0
2024-10-25,23774.0,8901.0,61139.0,8069.0,317122.0,31189.0,9.476,10497.0,29250.0
2024-10-28,24244.0,8861.0,61547.0,7966.0,318154.0,30676.0,9.578,10036.0,29946.0
2024-10-29,23950.0,8677.0,61231.0,7628.0,313312.0,30731.0,9.676,10205.0,29481.0
2024-10-30,24283.0,8759.0,60795.0,7737.0,316234.0,30590.0,9.5236,9948.0,29762.0
2024-10-31,24156.0,8753.0,61004.0,7710.0,317077.0,29017.0,9.436,9818.0,29703.0
2024-11-01,24542.0,8742.0,61563.0,7749.0,323650.0,29003.0,9.556,10233.0,29969.0
2024-11-04,24827.0,8868.0,61600.0,7741.0,325000.0,28540.0,9.538,10494.0,30303.0
2024-11-05,24962.0,8684.0,61462.0,7736.0,330800.0,28998.0,9.752,10589.0,30277.0
2024-11-06,24560.0,8475.0,63140.0,7699.0,327422.0,27562.0,9.438,10412.0,29562.0
2024-11-07,24460.0,8385.0,61953.0,7897.0,330995.0,28172.0,9.608,10612.0,29816.0
2024-11-08,24155.0,8427.0,61900.0,7882.0,329537.0,27729.0,9.224,9970.0,29330.0
2024-11-11,24057.0,8317.0,63221.0,7826.0,327702.0,26187.0,9.116,9767.0,29238.0
2024-11-12,24166.0,8406.0,63731.0,7761.0,329147.0,24882.0,9.0422,9557.0,29147.0
2024-11-13,24170.0,8427.0,63750.0,7660.0,327977.0,24900.0,8.996,9651.0,29060.0
2024-11-14,24162.0,8164.0,64851.0,7665.0,327500.0,24427.0,9.04,9351.0,29177.0
2024-11-15,23964.0,8206.0,65304.0,7625.0,324978.0,24840.0,9.096,9507.0,28960.0
2024-11-18,23984.0,8350.0,65415.0,7630.0,324842.0,26042.0,9.188,9622.0,28944.0
2024-11-19,23967.0,8336.0,66075.0,7653.0,328710.0,27060.0,9.1238,9300.0,29000.0
2024-11-20,24470.0,8238.0,66833.0,7737.0,334000.0,27292.0,9.124,9675.0,29644.0
2024-11-21,24716.0,8180.0,66354.0,7859.0,337700.0,27158.0,9.072,9675.0,29859.0
2024-11-22,24432.0,8040.0,67080.0,7792.0,336182.0,28164.0,8.992,9791.0,29490.0
2024-11-25,24220.0,8124.0,67643.0,7765.0,332722.0,26804.0,9.03,9457.0,29318.0
2024-11-26,24088.0,8129.0,68407.0,7910.0,335973.0,26578.0,9.052,9295.0,29383.0
2024-11-27,23711.0,8123.0,68820.0,7866.0,329634.0,26613.0,9.098,9128.0,28800.0
2024-11-28,23844.0,8148.0,68320.0,7898.0,326781.0,25757.0,9.098,8935.0,28922.0
2024-11-29,23688.0,8074.0,68310.0,7694.0,326118.0,25614.0,9.142,8787.0,28878.0
2024-12-02,23421.0,8150.0,68719.0,7786.0,325120.0,25761.0,9.426,9000.0,29284.0
2024-12-03,22760.0,8078.0,67879.0,7738.0,322677.0,25845.0,9.442,8966.0,29093.0
2024-12-04,22908.0,8278.0,67592.0,7823.0,325311.0,25984.0,9.48,9164.0,29536.0
2024-12-05,23253.0,8467.0,68240.0,8027.0,328855.0,25551.0,9.718,9138.0,30121.0
2024-12-06,23224.0,8541.0,67900.0,7969.0,331682.0,25229.0,9.75,9038.0,30624.0
2024-12-09,23343.0,8458.0,67488.0,8010.0,331663.0,26143.0,9.914,9341.0,30815.0
2024-12-10,23232.0,8597.0,67251.0,8064.0,331547.0,26340.0,9.78,9280.0,30629.0
2024-12-11,22950.0,8503.0,67629.0,8026.0,330678.0,26424.0,9.888,8888.0,28852.0
2024-12-12,22876.0,8587.0,66844.0,8019.0,329667.0,26540.0,9.79,9214.0,29142.0
2024-12-13,22969.0,8744.0,67297.0,8139.0,332891.0,26001.0,9.942,8861.0,29160.0
2024-12-16,22969.0,8744.0,67297.0,8139.0,332891.0,26001.0,9.856,8861.0,29160.0
2024-12-17,22589.0,8380.0,67912.0,7859.0,326210.0,25056.0,9.816,8761.0,28804.0
2024-12-18,22705.0,8471.0,66160.0,7893.0,325552.0,25582.0,9.332,8697.0,28509.0
2024-12-19,22426.0,8222.0,66520.0,7742.0,318573.0,25230.0,9.364,8405.0,28276.0
2024-12-20,22544.0,8252.0,66254.0,7709.0,317639.0,25715.0,9.216,8333.0,28463.0
2024-12-23,22536.0,8189.0,66858.0,7715.0,317712.0,24770.0,9.278,8322.0,28448.0
2024-12-24,22548.0,8459.0,66894.0,7760.0,316700.0,25411.0,9.144,8305.0,28289.0
2024-12-25,22548.0,8459.0,66894.0,7760.0,316700.0,25411.0,9.144,8305.0,28289.0
2024-12-26,22548.0,8459.0,66894.0,7760.0,316700.0,25411.0,9.064,8305.0,28289.0
2024-12-27,22321.0,9289.0,68080.0,7688.0,316611.0,25079.0,9.09,8265.0,28150.0
2024-12-30,22139.0,9287.0,67632.0,7660.0,312991.0,24810.0,8.8138,8155.0,28074.0
2024-12-31,22176.0,9199.0,67657.0,7596.0,313434.0,24710.0,8.77,8327.0,28171.0
2025-01-01,22176.0,9199.0,67657.0,7596.0,313434.0,24710.0,8.77,8327.0,28171.0
2025-01-02,22255.0,9261.0,68225.0,7630.0,311600.0,26197.0,8.737,8835.0,28139.0
2025-01-03,22479.0,9336.0,68799.0,7717.0,313655.0,26527.0,8.8162,8611.0,28475.0
2025-01-06,22571.0,9399.0,68336.0,7712.0,314700.0,25989.0,8.312,8443.0,29042.0
2025-01-07,22550.0,9330.0,68742.0,7725.0,318030.0,26815.0,7.968,8105.0,28939.0
2025-01-08,21993.0,8889.0,68912.0,7613.0,311235.0,26938.0,7.76,8043.0,28329.0
2025-01-09,22056.0,9046.0,69304.0,7515.0,309450.0,28450.0,7.76,8729.0,28354.0
2025-01-10,21773.0,9028.0,69562.0,7469.0,306801.0,28802.0,7.62,9520.0,28240.0
2025-01-13,21583.0,8794.0,68404.0,7343.0,299501.0,28268.0,7.51,9748.0,27200.0
2025-01-14,21509.0,9729.0,66720.0,7358.0,296736.0,28155.0,7.624,9516.0,27292.0
2025-01-15,22099.0,9918.0,66618.0,7539.0,303169.0,28896.0,7.834,9531.0,27842.0
2025-01-16,21816.0,9925.0,66790.0,7476.0,303179.0,29192.0,7.785,9341.0,27660.0
2025-01-17,22290.0,10305.0,67440.0,7645.0,302184.0,28743.0,7.888,10216.0,28500.0
2025-01-20,22100.0,10406.0,67429.0,7645.0,301297.0,28769.0,7.888,9800.0,28286.0
2025-01-21,22194.0,10944.0,67080.0,7806.0,297901.0,29805.0,8.048,9557.0,28404.0
2025-01-22,21945.0,11095.0,67427.0,7766.0,297801.0,30250.0,8.036,9151.0,28192.0
2025-01-23,21524.0,11191.0,68520.0,7702.0,292100.0,29986.0,8.036,8724.0,27587.0
2025-01-24,21524.0,11283.0,68719.0,7585.0,292100.0,30998.0,8.198,8662.0,27892.0
2025-01-27,21554.0,11265.0,73100.0,7520.0,290950.0,30687.0,8.2,8543.0,27672.0
2025-01-28,21658.0,11304.0,73556.0,7586.0,291697.0,30579.0,8.342,8480.0,27943.0
2025-01-29,21912.0,11502.0,73775.0,7633.0,296062.0,31440.0,8.468,8196.0,27950.0
2025-01-30,21940.0,11820.0,72900.0,7678.0,294617.0,31980.0,8.6,8483.0,27761.0
2025-01-31,21791.0,11499.0,73811.0,7623.0,297262.0,32333.0,8.41,8650.0,27433.0
2025-02-03,21310.0,11500.0,74311.0,7540.0,297392.0,32915.0,8.282,8709.0,27062.0
2025-02-04,21797.0,11550.0,74675.0,7520.0,306978.0,32801.0,8.622,8710.0,27522.0
2025-02-05,21801.0,11625.0,75972.0,7468.0,309829.0,34176.0,8.63,8700.0,27432.0
2025-02-06,22099.0,11564.0,76491.0,7592.0,317100.0,34466.0,8.75,8173.0,27470.0
2025-02-07,22154.0,11543.0,76438.0,7625.0,322500.0,34916.0,8.802,7865.0,27666.0
2025-02-10,21976.0,11434.0,77137.0,7605.0,316000.0,35869.0,8.984,7990.0,27775.0
2025-02-11,21778.0,11709.0,77722.0,7580.0,313774.0,35914.0,8.928,8464.0,28153.0
2025-02-12,21700.0,11700.0,77870.0,7558.0,315479.0,35166.0,9.164,8568.0,28569.0
2025-02-13,21707.0,11482.0,71419.0,7478.0,311100.0,35698.0,9.386,8211.0,28332.0
2025-02-14,21876.0,11170.0,71250.0,7400.0,307658.0,35819.0,9.966,8160.0,28343.0
2025-02-17,21872.0,11227.0,70660.0,7353.0,308964.0,34223.0,9.966,7929.0,28136.0
2025-02-18,22013.0,11362.0,70355.0,7347.0,313120.0,35018.0,10.486,8010.0,28400.0
2025-02-19,21753.0,11325.0,70527.0,7222.0,312406.0,34912.0,10.356,8179.0,28173.0
2025-02-20,21691.0,11315.0,70243.0,7217.0,310500.0,36035.0,10.486,8371.0,27950.0
2025-02-21,21914.0,11439.0,68738.0,7258.0,310550.0,34300.0,10.754,8700.0,27995.0
2025-02-24,21785.0,11648.0,69787.0,7185.0,308990.0,34950.0,9.876,8700.0,28057.0
2025-02-25,22066.0,11900.0,70250.0,7194.0,312581.0,35074.0,9.94,8591.0,28231.0
2025-02-26,22606.0,11847.0,71390.0,7277.0,317942.0,34131.0,10.06,8578.0,28485.0
2025-02-27,22190.0,11728.0,71393.0,7158.0,311503.0,33909.0,9.972,8487.0,27945.0
2025-02-28,21797.0,11822.0,71896.0,7071.0,307437.0,32621.0,9.54,8101.0,27981.0
2025-03-03,22110.0,11805.0,73123.0,7217.0,308327.0,34870.0,9.566,8229.0,28525.0
2025-03-04,22000.0,11548.0,74125.0,7192.0,304833.0,34580.0,9.874,7511.0,29112.0
2025-03-05,22450.0,11660.0,72775.0,7165.0,306177.0,35500.0,10.484,7685.0,29134.0
2025-03-06,22039.0,11555.0,72804.0,7174.0,301940.0,35279.0,10.71,7396.0,28410.0
2025-03-07,22240.0,11533.0,73608.0,7412.0,302000.0,36733.0,10.516,7813.0,28369.0
2025-03-10,22085.0,11405.0,74450.0,7397.0,299708.0,36557.0,10.064,7855.0,27811.0
2025-03-11,21923.0,11292.0,73868.0,7272.0,295046.0,37172.0,10.286,8037.0,26746.0
2025-03-12,22012.0,11156.0,75126.0,7260.0,298261.0,35961.0,10.23,8049.0,26320.0
2025-03-13,23051.0,11178.0,75477.0,7298.0,297372.0,36953.0,10.14,7543.0,26237.0
2025-03-14,23806.0,11342.0,74477.0,7420.0,300440.0,37000.0,10.408,7753.0,26700.0
2025-03-17,23626.0,11519.0,74810.0,7455.0,306126.0,36977.0,10.548,7800.0,26994.0
2025-03-18,23960.0,11497.0,74615.0,7400.0,308081.0,38530.0,10.64,7793.0,26416.0
2025-03-19,24111.0,11660.0,74486.0,7445.0,314200.0,39406.0,10.748,7747.0,26426.0
2025-03-20,24215.0,11805.0,74488.0,7438.0,318075.0,39968.0,10.228,7613.0,25923.0
2025-03-21,24215.0,11805.0,74488.0,7438.0,318075.0,39968.0,10.186,7613.0,25923.0
2025-03-24,24066.0,12489.0,74217.0,7341.0,313104.0,37875.0,10.234,7403.0,25836.0
2025-03-25,24407.0,12640.0,73879.0,7492.0,320573.0,37831.0,10.126,7461.0,26449.0
2025-03-26,24815.0,12657.0,72402.0,7578.0,326574.0,37700.0,10.192,7522.0,26858.0
2025-03-27,24675.0,12294.0,73463.0,7554.0,322154.0,38130.0,10.33,7476.0,26469.0
2025-03-28,24131.0,12494.0,74476.0,7296.0,312729.0,40899.0,10.002,7577.0,25953.0
2025-03-31,23941.0,12323.0,75462.0,7184.0,310266.0,40542.0,9.966,7650.0,25725.0
2025-04-01,24156.0,12412.0,75740.0,7346.0,310917.0,42000.0,9.996,7911.0,25897.0
2025-04-02,23140.0,12094.0,76110.0,6935.0,298900.0,42392.0,10.0,7749.0,24891.0
2025-04-03,21991.0,11309.0,77870.0,6563.0,279648.0,42543.0,9.82,6750.0,23991.0
2025-04-04,21245.0,10552.0,77360.0,6290.0,268070.0,38754.0,9.134,5948.0,22985.0
2025-04-07,21899.0,10355.0,76175.0,6457.0,273106.0,39660.0,8.546,6100.0,24000.0
2025-04-08,22500.0,10918.0,78666.0,6793.0,289000.0,40535.0,8.338,5827.0,24538.0
2025-04-09,20231.0,10400.0,77591.0,6624.0,282500.0,41880.0,9.05,5533.0,22438.0
2025-04-10,21406.0,10650.0,77822.0,6885.0,298000.0,45778.0,8.82,6017.0,23600.0
2025-04-11,20991.0,10455.0,78860.0,6657.0,296841.0,47477.0,9.11,6310.0,23424.0
2025-04-14,22223.0,11028.0,78145.0,6998.0,305597.0,44807.0,9.504,6620.0,24898.0
2025-04-15,22185.0,11038.0,80444.0,7086.0,307200.0,45547.0,9.44,6457.0,24639.0
2025-04-16,22248.0,11197.0,79355.0,6937.0,308000.0,46970.0,9.398,6521.0,24000.0
2025-04-17,22430.0,11003.0,78588.0,6968.0,309212.0,45281.0,9.64,6607.0,24080.0
2025-04-18,22430.0,11003.0,78588.0,6968.0,309212.0,45281.0,9.64,6607.0,24080.0
2025-04-21,22430.0,11003.0,78588.0,6968.0,309212.0,45281.0,9.58,6607.0,24080.0
2025-04-22,22500.0,11179.0,79693.0,6985.0,310496.0,45430.0,9.82,6673.0,24000.0
2025-04-23,22775.0,11124.0,78261.0,7047.0,332799.0,41252.0,10.126,6631.0,24594.0
2025-04-24,22789.0,11312.0,79278.0,7110.0,339001.0,41946.0,10.136,6519.0,24788.0
2025-04-25,22900.0,11552.0,78522.0,7150.0,345288.0,40667.0,10.435,6564.0,24979.0
2025-04-28,22900.0,11552.0,78522.0,7150.0,345288.0,40667.0,10.636,6564.0,24979.0
2025-04-29,23336.0,11931.0,78631.0,7323.0,348413.0,41006.0,10.388,6584.0,25487.0
2025-04-30,23171.0,12271.0,80450.0,7263.0,344205.0,41901.0,10.472,6415.0,25345.0
2025-05-01,23171.0,12271.0,80450.0,7263.0,344205.0,41901.0,10.526,6415.0,25345.0
2025-05-02,23626.0,12195.0,79048.0,7359.0,340690.0,39447.0,11.036,6450.0,25659.0
2025-05-05,23065.0,11870.0,79500.0,7339.0,337053.0,41805.0,10.904,6374.0,25418.0
2025-05-06,22618.0,11996.0,80323.0,7210.0,338284.0,42248.0,11.114,6204.0,24603.0
2025-05-07,22670.0,11825.0,80447.0,7213.0,337886.0,41971.0,10.882,6281.0,25003.0
2025-05-08,22412.0,11913.0,78709.0,7172.0,340394.0,40791.0,10.988,6300.0,24593.0
2025-05-09,22534.0,11827.0,76430.0,7283.0,342048.0,40700.0,11.14,6398.0,25010.0
2025-05-12,23233.0,11888.0,74784.0,7451.0,347600.0,37374.0,11.56,6766.0,25727.0
2025-05-13,23327.0,12058.0,73886.0,7410.0,349704.0,37165.0,11.66,6875.0,25633.0
2025-05-14,23107.0,11950.0,73550.0,7358.0,353226.0,36263.0,11.952,6990.0,25462.0
2025-05-15,23428.0,12016.0,73110.0,7510.0,353000.0,37081.0,11.802,6668.0,25944.0
2025-05-16,23314.0,12130.0,76503.0,7599.0,350218.0,36790.0,11.846,6908.0,25910.0
2025-05-19,22919.0,11997.0,78000.0,7395.0,348981.0,38268.0,11.644,7300.0,25729.0
2025-05-20,22699.0,12260.0,79000.0,7355.0,344199.0,39041.0,11.708,7950.0,25492.0
2025-05-21,22798.0,12104.0,79470.0,7314.0,345920.0,39610.0,11.66,8317.0,25522.0
2025-05-22,22595.0,12000.0,79328.0,7270.0,342800.0,39651.0,11.662,8180.0,25182.0
2025-05-23,22657.0,12176.0,80473.0,7200.0,342000.0,40878.0,11.568,7995.0,25345.0
2025-05-26,22871.0,11969.0,79990.0,7369.0,346208.0,39704.0,11.568,8434.0,25698.0
2025-05-27,22760.0,12032.0,80916.0,7377.0,341650.0,39771.0,11.7,8200.0,25597.0
2025-05-28,23168.0,12497.0,80444.0,7431.0,345580.0,40662.0,11.551,8136.0,25702.0
2025-05-29,23509.0,12800.0,79262.0,7537.0,343046.0,41194.0,11.728,8284.0,25983.0
2025-05-30,23324.0,12500.0,81000.0,7451.0,344641.0,40536.0,11.528,8122.0,25550.0
2025-06-02,23125.0,12569.0,80711.0,7412.0,344861.0,44926.0,11.582,8297.0,25666.0
2025-06-03,23067.0,13133.0,82121.0,7406.0,342664.0,44064.0,11.668,8447.0,25475.0
2025-06-04,23243.0,13186.0,81800.0,7450.0,344696.0,44699.0,12.13,8381.0,25282.0
2025-06-05,23172.0,13024.0,83635.0,7520.0,350105.0,45880.0,12.162,8435.0,25106.0
2025-06-06,23406.0,13014.0,84624.0,7624.0,351443.0,43830.0,12.164,8280.0,25550.0
2025-06-09,23453.0,13071.0,84172.0,7551.0,347281.0,43727.0,12.28,8430.0,25099.0
2025-06-10,23800.0,13309.0,84159.0,7672.0,352500.0,43369.0,12.282,8828.0,25326.0
2025-06-11,23332.0,13174.0,85625.0,7473.0,349349.0,43009.0,12.3532,8629.0,25000.0
2025-06-12,23536.0,13424.0,85586.0,7499.0,351501.0,44576.0,12.306,8708.0,25267.0
2025-06-13,22746.0,13250.0,87400.0,7225.0,345143.0,45152.0,11.936,9656.0,24539.0
2025-06-16,22746.0,13250.0,87400.0,7225.0,345143.0,45152.0,12.044,9656.0,24539.0
2025-06-17,22708.0,12670.0,87306.0,7186.0,342096.0,43508.0,11.844,9736.0,24665.0
2025-06-18,22698.0,12821.0,88263.0,7226.0,342989.0,43998.0,11.92,9770.0,24744.0
2025-06-19,22654.0,12712.0,89150.0,7260.0,345100.0,44700.0,11.92,10225.0,24829.0
2025-06-20,22740.0,12699.0,88004.0,7260.0,348019.0,44008.0,11.7197,9523.0,24807.0
2025-06-23,22435.0,12721.0,87334.0,7120.0,342096.0,44704.0,12.192,9501.0,24630.0
2025-06-24,23452.0,13149.0,86257.0,7436.0,358026.0,42033.0,12.456,8096.0,25885.0
2025-06-25,22789.0,13190.0,83640.0,7490.0,350442.0,42706.0,12.414,7937.0,24131.0
2025-06-26,22506.0,13999.0,83827.0,7503.0,347826.0,42340.0,12.367,8005.0,23850.0
2025-06-27,22820.0,14000.0,83687.0,7579.0,355138.0,40405.0,12.37,7941.0,24226.0
2025-06-30,22753.0,14084.0,84080.0,7569.0,355096.0,41578.0,12.5,7876.0,24305.0
